Timestamp,Bprice,Open,BtcPer,NasPer,dif,netDif
2019-06-26,11766,7934,9.918408975012749,0.06301991429291656,9.855389060719833,9.855389060719833
2019-06-27,12933,7939,-13.917884481558804,0.6298022420959819,-14.547686723654786,14.547686723654786
2019-06-28,11133,7989,-3.5480104194736373,1.9652021529603203,-5.513212572433957,5.513212572433957
2019-07-01,10738,8146,-1.480722667163345,-0.7242818561257058,-0.7564408110376393,0.7564408110376393
2019-07-02,10579,8087,2.1363077795632854,0.5317175714109064,1.604590208152379,1.604590208152379
2019-07-03,10805,8130,3.285515964831097,-0.08610086100861009,3.3716168258397072,3.3716168258397072
2019-07-05,11160,8123,2.8405017921146953,-0.12310722639418935,2.9636090185088846,2.9636090185088846
2019-07-08,11477,8113,7.284133484360024,-0.6409466288672501,7.925080113227274,7.925080113227274
2019-07-09,12313,8061,2.2252903435393487,1.5134598685026672,0.7118304750366815,0.7118304750366815
2019-07-10,12587,8183,-3.8690712640025424,0.4399364536233655,-4.309007717625908,4.309007717625908
2019-07-11,12100,8219,-6.1735537190082646,-0.12166930283489476,-6.05188441617337,6.05188441617337
2019-07-12,11353,8209,-10.270413106667842,0.6578145937385796,-10.928227700406422,10.928227700406422
2019-07-15,10187,8263,6.74388927063905,-0.1331235628706281,6.877012833509678,6.877012833509678
2019-07-16,10874,8252,-13.573661945926062,-0.3393116820164809,-13.234350263909581,13.234350263909581
2019-07-17,9398,8224,2.9367950627793147,-0.8754863813229572,3.812281444102272,3.812281444102272
2019-07-18,9674,8152,9.975191234236098,1.091756624141315,8.883434610094783,8.883434610094783
2019-07-19,10639,8241,-0.4887677413290723,-0.8372770294867127,0.3485092881576404,0.3485092881576404
2019-07-22,10587,8172,-2.4841787097383583,0.8688203622124326,-3.3529990719507907,3.3529990719507907
2019-07-23,10324,8243,-4.649360712901976,-0.19410408831736017,-4.455256624584616,4.455256624584616
2019-07-24,9844,8227,-0.731409995936611,0.8265467363559013,-1.5579567322925123,1.5579567322925123
2019-07-25,9772,8295,1.0540319279574293,-0.012055455093429777,1.066087383050859,1.066087383050859
2019-07-26,9875,8294,-3.4936708860759493,0.3737641668676151,-3.8674350529435646,3.8674350529435646
2019-07-29,9530,8325,-0.304302203567681,-1.1171171171171173,0.8128149135494362,0.8128149135494362
2019-07-30,9501,8232,0.926218292811283,0.716715257531584,0.20950303527969893,0.20950303527969893
2019-07-31,9589,8291,5.1725935968297,-1.2061271257990593,6.37872072262876,6.37872072262876
2019-08-01,10085,8191,3.1928606841844323,-1.648150408985472,4.841011093169904,4.841011093169904
2019-08-02,10407,8056,5.505909484001153,-2.8922542204568025,8.398163704457955,8.398163704457955
2019-08-05,10980,7823,7.358834244080145,-0.23009075802121948,7.588925002101365,7.588925002101365
2019-08-06,11788,7805,-2.7315914489311166,-0.7431133888532991,-1.9884780600778176,1.9884780600778176
2019-08-07,11466,7747,4.3171114599686025,2.2589389441073964,2.058172515861206,2.058172515861206
2019-08-08,11961,7922,0.2926176741075161,0.946730623579904,-0.6541129494723879,0.6541129494723879
2019-08-09,11996,7997,-3.5761920640213405,-1.1254220332624734,-2.450770030758867,2.450770030758867
2019-08-12,11567,7907,-1.5647964035618571,-0.6955861894523839,-0.8692102141094732,0.8692102141094732
2019-08-13,11386,7852,-4.6372738450728965,0.3183902190524707,-4.955664064125367,4.955664064125367
2019-08-14,10858,7877,-7.745441149382944,-1.104481401548813,-6.640959747834131,6.640959747834131
2019-08-15,10017,7790,2.845163222521713,0.4878048780487805,2.3573583444729325,2.3573583444729325
2019-08-16,10302,7828,0.15530964861192,2.2738886050076648,-2.1185789563957447,2.1185789563957447
2019-08-19,10318,8006,5.805388641209537,-0.21234074444166873,6.017729385651205,6.017729385651205
2019-08-20,10917,7989,-1.428964001099203,0.35048191262986605,-1.7794459137290692,1.7794459137290692
2019-08-21,10761,8017,-5.873060124523743,0.27441686416365224,-6.147476988687395,6.147476988687395
2019-08-22,10129,8039,-0.16783492941060324,-1.181739022266451,1.0139040928558478,1.0139040928558478
2019-08-23,10112,7944,0.2274525316455696,-1.4350453172205437,1.6624978488661133,1.6624978488661133
2019-08-26,10135,7830,2.220029600394672,1.0089399744572158,1.2110896259374562,1.2110896259374562
2019-08-27,10360,7909,-1.8146718146718148,-1.4034644076368694,-0.4112074070349454,0.4112074070349454
2019-08-28,10172,7798,-4.463232402674007,1.8979225442421133,-6.36115494691612,6.36115494691612
2019-08-29,9718,7946,-2.3976126775056597,0.8683614397180971,-3.265974117223757,3.265974117223757
2019-08-30,9485,8015,9.509752240379548,-1.3599500935745477,10.869702333954095,10.869702333954095
2019-09-03,10387,7906,2.252816020025031,0.5565393372122439,1.6962766828127873,1.6962766828127873
2019-09-04,10621,7950,-0.34836644383768006,1.3962264150943398,-1.7445928589320199,1.7445928589320199
2019-09-05,10584,8061,-0.05668934240362812,0.8063515692842079,-0.863040911687836,0.863040911687836
2019-09-06,10578,8126,-1.6260162601626018,0.06153088850603003,-1.6875471486686318,1.6875471486686318
2019-09-09,10406,8131,-0.8841053238516241,-0.9961874308203174,0.11208210696869325,0.11208210696869325
2019-09-10,10314,8050,-2.0651541593949974,0.5217391304347827,-2.58689328982978,2.58689328982978
2019-09-11,10101,8092,0.5742005742005742,1.421156697973307,-0.8469561237727328,0.8469561237727328
2019-09-12,10159,8207,2.569150506939659,-0.19495552577068356,2.764106032710343,2.764106032710343
2019-09-13,10420,8191,-1.055662188099808,-0.8423879868147968,-0.2132742012850113,0.2132742012850113
2019-09-16,10310,8122,-0.42677012609117365,0.3324304358532381,-0.7592005619444118,0.7592005619444118
2019-09-17,10266,8149,-0.740307812195597,0.3190575530739968,-1.0593653652695938,1.0593653652695938
2019-09-18,10190,8175,-0.3140333660451423,0.23241590214067276,-0.5464492681858151,0.5464492681858151
2019-09-19,10158,8194,1.161645993305769,-0.1098364657066146,1.2714824590123837,1.2714824590123837
2019-09-20,10276,8185,-2.3647333592837683,-0.9651802076970066,-1.3995531515867616,1.3995531515867616
2019-09-23,10033,8106,-3.488487989634207,0.5057981741919566,-3.994286163826164,3.994286163826164
2019-09-24,9683,8147,-11.659609625116182,-1.914815269424328,-9.744794355691855,9.744794355691855
2019-09-25,8554,7991,-1.426233341126958,0.9886121887123014,-2.4148455298392593,2.4148455298392593
2019-09-26,8432,8070,-4.459203036053131,-0.2850061957868649,-4.174196840266266,4.174196840266266
2019-09-27,8056,8047,0.012413108242303872,-1.031440288306201,1.0438533965485048,1.0438533965485048
2019-09-30,8057,7964,3.115303462827355,0.7910597689603215,2.3242436938670337,2.3242436938670337
2019-10-01,8308,8027,0.18054886856042368,-2.192599975084091,2.3731488436445147,2.3731488436445147
2019-10-02,8323,7851,0.7088790099723657,-0.8151827792637881,1.5240617892361539,1.5240617892361539
2019-10-03,8382,7787,-1.7418277260796946,1.5538718376781815,-3.295699563757876,3.295699563757876
2019-10-04,8236,7908,-4.4439048081593,0.6069802731411229,-5.050885081300423,5.050885081300423
2019-10-07,7870,7956,4.34561626429479,-0.7290095525389643,5.074625816833755,5.074625816833755
2019-10-08,8212,7898,-0.2679006332196785,-0.02532286654849329,-0.24257776667118522,0.24257776667118522
2019-10-09,8190,7896,4.85958485958486,0.11398176291793312,4.745603096666927,4.745603096666927
2019-10-10,8588,7905,-0.011644154634373545,1.7963314358001266,-1.8079755904345,1.8079755904345
2019-10-11,8587,8047,-3.5285897286596013,-0.03728097427612775,-3.4913087543834735,3.4913087543834735
2019-10-14,8284,8044,0.8450024142926122,0.3853804077573347,0.45962200653527757,0.45962200653527757
2019-10-15,8354,8075,-2.298300215465645,0.5572755417956656,-2.8555757572613105,2.8555757572613105
2019-10-16,8162,8120,-1.948051948051948,0.7019704433497537,-2.6500223914017016,2.6500223914017016
2019-10-17,8003,8177,0.924653255029364,-0.33019444784150664,1.2548477028708707,1.2548477028708707
2019-10-18,8077,8150,1.9066485081094466,-0.15950920245398773,2.0661577105634343,2.0661577105634343
2019-10-21,8231,8137,-0.09719353662981411,0.6267666216050141,-0.7239601582348282,0.7239601582348282
2019-10-22,8223,8188,-2.3835583120515627,-1.1968734733756716,-1.186684838675891,1.186684838675891
2019-10-23,8027,8090,-6.939080602964993,1.1124845488257107,-8.051565151790705,8.051565151790705
2019-10-24,7470,8180,-0.5087014725568942,-0.35452322738386305,-0.1541782451730312,0.1541782451730312
2019-10-25,7432,8151,28.525296017222818,1.6562384983437615,26.869057518879057,26.869057518879057
2019-10-28,9552,8286,-3.486180904522613,0.3258508327299059,-3.8120317372525188,3.8120317372525188
2019-10-29,9219,8313,2.3212929818852372,-0.348851196920486,2.670144178805723,2.670144178805723
2019-10-30,9433,8284,-2.841089791158698,0.362143891839691,-3.203233682998389,3.203233682998389
2019-10-31,9165,8314,-0.1854882705946536,0.25258599951888383,-0.4380742701135374,0.4380742701135374
2019-11-01,9148,8335,2.9514648010494096,1.3317336532693462,1.6197311477800633,1.6197311477800633
2019-11-04,9418,8446,-1.146740284561478,0.011839924224484964,-1.158580208785963,1.158580208785963
2019-11-05,9310,8447,0.3544575725026853,-0.23677045104770925,0.5912280235503945,0.5912280235503945
2019-11-06,9343,8427,-1.487744835705876,0.3322653376053163,-1.8200101733111924,1.8200101733111924
2019-11-07,9204,8455,-4.758800521512386,-0.3784742755765819,-4.380326245935804,4.380326245935804
2019-11-08,8766,8423,-0.5475701574264202,0.0949780363290989,-0.6425481937555191,0.6425481937555191
2019-11-11,8718,8431,0.9635237439779766,0.4744395682599929,0.4890841757179837,0.4890841757179837
2019-11-12,8802,8471,-0.45444217223358324,-0.18887970723645378,-0.26556246499712943,0.26556246499712943
2019-11-13,8762,8455,-1.483679525222552,0.0709639266706091,-1.554643451893161,1.554643451893161
2019-11-14,8632,8461,-2.015755329008341,0.7445928377260371,-2.760348166734378,2.760348166734378
2019-11-15,8458,8524,-3.334121541735635,0.05865790708587518,-3.39277944882151,3.39277944882151
2019-11-18,8176,8529,-0.6727005870841487,0.5745104936100363,-1.247211080694185,1.247211080694185
2019-11-19,8121,8578,-0.4802364240857037,-0.39636278852879464,-0.08387363555690908,0.08387363555690908
2019-11-20,8082,8544,-5.753526354862657,-0.18726591760299627,-5.566260437259661,5.566260437259661
2019-11-21,7617,8528,-4.345542864644873,0.03517823639774859,-4.380721101042622,4.380721101042622
2019-11-22,7286,8531,-2.1410925061762285,0.3399367014418005,-2.481029207618029,2.481029207618029
2019-11-25,7130,8560,0.47685834502103785,0.8761682242990654,-0.3993098792780275,0.3993098792780275
2019-11-26,7164,8635,5.025125628140704,0.4053271569195136,4.61979847122119,4.61979847122119
2019-11-27,7524,8670,3.0967570441254653,0.13840830449826988,2.9583487396271955,2.9583487396271955
2019-11-29,7757,8682,-5.762537063297667,-0.10366275051831375,-5.658874312779353,5.658874312779353
2019-12-02,7310,8673,-0.17783857729138167,-2.44436757753949,2.2665290002481084,2.2665290002481084
2019-12-03,7297,8461,-1.4252432506509525,1.1346176574872946,-2.559860908138247,2.559860908138247
2019-12-04,7193,8557,2.8221882385652717,0.36227649877293444,2.459911739792337,2.459911739792337
2019-12-05,7396,8588,2.0416441319632233,0.5356311131811831,1.5060130187820402,1.5060130187820402
2019-12-06,7547,8634,-2.7825626076586722,0.19689599258744497,-2.9794586002461174,2.9794586002461174
2019-12-09,7337,8651,-1.5810276679841897,-0.31210264709282165,-1.268925020891368,1.268925020891368
2019-12-10,7221,8624,-0.2631214513225315,0.08116883116883117,-0.3442902824913627,0.3442902824913627
2019-12-11,7202,8631,-0.18050541516245489,0.16220600162206003,-0.3427114167845149,0.3427114167845149
2019-12-12,7189,8645,0.8763388510223954,0.7981492192018509,0.0781896318205445,0.0781896318205445
2019-12-13,7252,8714,-5.129619415333702,0.8836355290337389,-6.01325494436744,6.01325494436744
2019-12-16,6880,8791,-3.8953488372093026,0.4322602661813218,-4.327609103390625,4.327609103390625
2019-12-17,6612,8829,10.163339382940109,0.06795786612300374,10.095381516817104,10.095381516817104
2019-12-18,7284,8835,-1.825919824272378,0.04527447651386531,-1.8711943007862433,1.8711943007862433
2019-12-19,7151,8839,0.5453782687735981,0.8258852811404005,-0.2805070123668024,0.2805070123668024
2019-12-20,7190,8912,1.8358831710709316,0.4263913824057451,1.4094917886651865,1.4094917886651865
2019-12-23,7322,8950,-0.9696804151871072,0.055865921787709494,-1.0255463369748168,1.0255463369748168
2019-12-24,7251,8955,-0.7860984691766653,0.16750418760469013,-0.9536026567813554,0.9536026567813554
2019-12-26,7194,8970,0.6950236308034473,0.8807134894091416,-0.1856898586056943,0.1856898586056943
2019-12-27,7244,9049,-0.3313086692435119,-0.4972925185103326,0.16598384926682075,0.16598384926682075
2019-12-30,7220,9004,-0.7202216066481995,-0.9440248778320747,0.22380327118387522,0.22380327118387522
2019-12-31,7168,8919,-3.125,1.3454423141607803,-4.47044231416078,4.47044231416078
2020-01-02,6944,9039,5.501152073732719,-0.6969797543976104,6.198131828130329,6.198131828130329
2020-01-03,7326,8976,5.9104559104559105,-0.35650623885918004,6.26696214931509,6.26696214931509
2020-01-06,7759,8944,5.232633071272072,1.487030411449016,3.7456026598230556,3.7456026598230556
2020-01-07,8165,9077,-1.494182486221678,-0.09915170210421946,-1.3950307841174585,1.3950307841174585
2020-01-08,8043,9068,-2.7974636329727716,1.4777238641376267,-4.275187497110398,4.275187497110398
2020-01-09,7818,9202,4.694295216167818,0.33688328624212127,4.357411929925697,4.357411929925697
2020-01-10,8185,9233,-0.9773976786805132,-0.20578360229611178,-0.7716140763844014,0.7716140763844014
2020-01-13,8105,9214,9.093152375077112,0.6186238332971565,8.474528541779955,8.474528541779955
2020-01-14,8842,9271,-0.31667043655281607,-0.1833674900226513,-0.13330294653016478,0.13330294653016478
2020-01-15,8814,9254,-1.0437939641479466,0.6375621352928463,-1.681356099440793,1.681356099440793
2020-01-16,8722,9313,2.0408163265306123,0.8482766025985182,1.192539723932094,1.192539723932094
2020-01-17,8900,9392,-2.0,-0.3300681431005111,-1.669931856899489,1.669931856899489
2020-01-21,8722,9361,-0.7223113964686998,0.5661788270483923,-1.288490223517092,1.288490223517092
2020-01-22,8659,9414,-3.12969165030604,-0.3824091778202677,-2.747282472485772,2.747282472485772
2020-01-23,8388,9378,0.4768717215069146,0.7251013009170398,-0.24822957941012525,0.24822957941012525
2020-01-24,8428,9446,5.552918841955387,-3.747618039381749,9.300536881337136,9.300536881337136
2020-01-27,8896,9092,5.508093525179856,1.2098548174219093,4.298238707757946,4.298238707757946
2020-01-28,9386,9202,-1.129341572554869,1.260595522712454,-2.3899370952673227,2.3899370952673227
2020-01-29,9280,9318,2.3922413793103448,-1.1483150890749088,3.5405564683852537,3.5405564683852537
2020-01-30,9502,9211,-1.768048831824879,1.226794050591684,-2.994842882416563,2.994842882416563
2020-01-31,9334,9324,-0.5249625026783801,-1.4264264264264264,0.9014639237480463,0.9014639237480463
2020-02-03,9285,9191,-1.3247172859450727,2.252203242302252,-3.576920528247325,3.576920528247325
2020-02-04,9162,9398,4.944335297969875,1.8727388806128964,3.0715964173569787,3.0715964173569787
2020-02-05,9615,9574,1.466458658346334,-0.3446835178608732,1.811142176207207,1.811142176207207
2020-02-06,9756,9541,0.5330053300533005,-0.1467351430667645,0.679740473120065,0.679740473120065
2020-02-07,9808,9527,0.47920065252854815,-0.34638396137294003,0.8255846139014882,0.8255846139014882
2020-02-10,9855,9494,4.26179604261796,1.9696650516115441,2.292130991006416,2.292130991006416
2020-02-11,10275,9681,0.7688564476885645,0.08263609131288091,0.6862203563756837,0.6862203563756837
2020-02-12,10354,9689,-1.0817075526366622,-0.33027144184126334,-0.7514361107953988,0.7514361107953988
2020-02-13,10242,9657,1.239992189025581,0.7455731593662628,0.49441902965931817,0.49441902965931817
2020-02-14,10369,9729,-1.8130967306394061,-0.5139274334463974,-1.2991692971930089,1.2991692971930089
2020-02-18,10181,9679,-5.657597485512229,1.0744911664428143,-6.732088651955043,6.732088651955043
2020-02-19,9605,9783,0.020822488287350338,0.16354901359501176,-0.14272652530766142,0.14272652530766142
2020-02-20,9607,9799,0.936816904340585,-0.9286661904275946,1.8654830947681795,1.8654830947681795
2020-02-21,9697,9708,-0.3403114365267609,-5.356407086938607,5.016095650411846,5.016095650411846
2020-02-24,9664,9188,-3.6734271523178803,1.2298650413582934,-4.903292193676174,4.903292193676174
2020-02-25,9309,9301,-5.618218927919218,-3.107192774970433,-2.5110261529487845,2.5110261529487845
2020-02-26,8786,9012,0.21625312997951285,-2.9738126941855305,3.1900658241650435,3.1900658241650435
2020-02-27,8805,8744,-1.0562180579216354,-5.420860018298262,4.364641960376627,4.364641960376627
2020-02-28,8712,8270,2.3071625344352618,4.800483675937122,-2.4933211415018603,2.4933211415018603
2020-03-02,8913,8667,-1.7839111410299564,3.4383292950271143,-5.222240436057071,5.222240436057071
2020-03-03,8754,8965,0.05711674663011195,-1.4612381483547128,1.5183548949848247,1.5183548949848247
2020-03-04,8759,8834,3.5163831487612742,-0.498075616934571,4.014458765695845,4.014458765695845
2020-03-05,9067,8790,0.9815815595014888,-3.6518771331058018,4.633458692607291,4.633458692607291
2020-03-06,9156,8469,-12.199650502402797,-6.03377022080529,-6.165880281597507,6.165880281597507
2020-03-09,8039,7958,-1.3310113198158975,3.292284493591355,-4.623295813407252,4.623295813407252
2020-03-10,7932,8220,-0.5925365607665154,-1.0218978102189782,0.4293612494524628,0.4293612494524628
2020-03-11,7885,8136,0.6594800253646164,-9.058505408062931,9.717985433427547,9.717985433427547
2020-03-12,7937,7399,-39.14577296207635,2.8517367211785376,-41.99750968325489,41.99750968325489
2020-03-13,4830,7610,10.72463768115942,-2.8515111695137976,13.576148850673217,13.576148850673217
2020-03-16,5348,7393,-6.020942408376963,-4.341945083186798,-1.6789973251901653,1.6789973251901653
2020-03-17,5026,7072,6.605650616792678,-2.403846153846154,9.009496770638833,9.009496770638833
2020-03-18,5358,6902,0.9705113848450915,1.3619240799768184,-0.39141269513172694,0.39141269513172694
2020-03-19,5410,6996,14.510166358595194,3.6020583190394513,10.908108039555742,10.908108039555742
2020-03-20,6195,7248,-6.004842615012106,-5.532560706401766,-0.4722819086103405,0.4722819086103405
2020-03-23,5823,6847,11.660656019234072,5.0971228275157,6.5635331917183715,6.5635331917183715
2020-03-24,6502,7196,4.091048908028299,3.1267370761534186,0.96431183187488,0.96431183187488
2020-03-25,6768,7421,-1.0342789598108746,0.5524861878453038,-1.5867651476561784,1.5867651476561784
2020-03-26,6698,7462,0.9853687667960586,1.2329134280353793,-0.24754466123932073,0.24754466123932073
2020-03-27,6764,7554,-12.995269071555294,0.3839025681758009,-13.379171639731094,13.379171639731094
2020-03-30,5885,7583,8.836023789294817,2.0704206778319927,6.765603111462824,6.765603111462824
2020-03-31,6405,7740,0.3590944574551132,-3.6175710594315245,3.9766655168866376,3.9766655168866376
2020-04-01,6428,7460,3.5003111387678905,-1.9168900804289544,5.417201219196845,5.417201219196845
2020-04-02,6653,7317,2.344806854050804,2.186688533552002,0.15811832049880215,0.15811832049880215
2020-04-03,6809,7477,-0.4699662211778528,2.4475056840979006,-2.9174719052757534,2.9174719052757534
2020-04-06,6777,7660,8.35177807289361,6.135770234986945,2.2160078379066652,2.2160078379066652
2020-04-07,7343,8130,-1.8657224567615416,-1.894218942189422,0.028496485427880414,0.028496485427880414
2020-04-08,7206,7976,2.206494587843464,2.4197592778335006,-0.21326468999003678,0.21326468999003678
2020-04-09,7365,8169,-6.109979633401222,-0.5018974170645122,-5.60808221633671,5.60808221633671
2020-04-13,6915,8128,-0.824295010845987,2.7682086614173227,-3.5925036722633097,3.5925036722633097
2020-04-14,6858,8353,0.2041411490230388,0.03591524003352089,0.1682259089895179,0.1682259089895179
2020-04-15,6872,8356,-3.608847497089639,1.4719961704164672,-5.080843667506106,5.080843667506106
2020-04-16,6624,8479,7.367149758454106,2.2172425993631326,5.149907159090974,5.149907159090974
2020-04-17,7112,8667,0.2530933633295838,-1.3153340256143995,1.5684273889439833,1.5684273889439833
2020-04-20,7130,8553,-4.067321178120617,-1.0756459721735063,-2.9916752059471103,2.9916752059471103
2020-04-21,6840,8461,0.19005847953216373,-0.3072922822361423,0.49735076176830606,0.49735076176830606
2020-04-22,6853,8435,4.056617539763607,1.114404267931239,2.9422132718323684,2.9422132718323684
2020-04-23,7131,8529,4.86607768896368,0.011724703951225232,4.854352985012454,4.854352985012454
2020-04-24,7478,8530,2.955335651243648,2.2039859320046893,0.7513497192389589,0.7513497192389589
2020-04-27,7699,8718,1.194960384465515,1.2388162422573985,-0.0438558577918835,0.0438558577918835
2020-04-28,7791,8826,-0.3337183930175844,-0.2605937004305461,-0.0731246925870383,0.0731246925870383
2020-04-29,7765,8803,13.04571796522859,1.2268544814267863,11.818863483801804,11.818863483801804
2020-04-30,8778,8911,-1.697425381635908,-2.5810795645830993,0.8836541829471913,0.8836541829471913
2020-05-01,8629,8681,3.1869278015992584,-1.4514456859808778,4.638373487580136,4.638373487580136
2020-05-04,8904,8555,-0.20215633423180593,2.9807130333138514,-3.182869367545657,3.182869367545657
2020-05-05,8886,8810,1.6317803286067973,0.7377979568671964,0.8939823717396009,0.8939823717396009
2020-05-06,9031,8875,1.5502159229321226,1.115492957746479,0.4347229651856437,0.4347229651856437
2020-05-07,9171,8974,9.061171082760877,0.9248941386226877,8.136276944138189,8.136276944138189
2020-05-08,10002,9057,-12.47750449910018,-0.02208236722976703,-12.455422131870412,12.455422131870412
2020-05-11,8754,9055,-1.5649988576650675,1.8774157923799006,-3.4424146500449684,3.4424146500449684
2020-05-12,8617,9225,2.2977834513171635,-2.3739837398373984,4.6717671911545615,4.6717671911545615
2020-05-13,8815,9006,5.570051049347702,-2.4206084832334,7.990659532581102,7.990659532581102
2020-05-14,9306,8788,5.200945626477541,0.591715976331361,4.60922965014618,4.60922965014618
2020-05-15,9790,8840,-1.2359550561797752,3.812217194570136,-5.048172250749911,5.048172250749911
2020-05-18,9669,9177,0.5171165580721895,0.5448403617740003,-0.027723803701810823,0.027723803701810823
2020-05-19,9719,9227,0.6893713344994341,0.8561829413677252,-0.1668116068682911,0.1668116068682911
2020-05-20,9786,9306,-2.810136930308604,0.7414571244358479,-3.551594054744452,3.551594054744452
2020-05-21,9511,9375,-4.762906108716224,-1.024,-3.7389061087162236,3.7389061087162236
2020-05-22,9058,9279,-1.7443144181938617,2.392499191723246,-4.136813609917108,4.136813609917108
2020-05-26,8900,9501,-0.6404494382022472,-1.6314072202926009,0.9909577820903537,0.9909577820903537
2020-05-27,8843,9346,4.014474725771796,0.5028889364433982,3.5115857893283984,3.5115857893283984
2020-05-28,9198,9393,4.033485540334855,-0.11710848504205258,4.150594025376908,4.150594025376908
2020-05-29,9569,9382,-1.2331487093740203,0.9486250266467704,-2.1817737360207907,2.1817737360207907
2020-06-01,9451,9471,7.967410855994076,1.0136205258156479,6.953790330178428,6.953790330178428
2020-06-02,10204,9567,-6.644453155625245,0.88847078499007,-7.532923940615315,7.532923940615315
2020-06-03,9526,9652,1.3856812933025404,-0.020721094073767096,1.4064023873763074,1.4064023873763074
2020-06-04,9658,9650,1.418513149720439,0.5595854922279793,0.8589276574924598,0.8589276574924598
2020-06-05,9795,9704,-0.4185809086268504,1.2262984336356142,-1.6448793422624646,1.6448793422624646
2020-06-08,9754,9823,0.29731392249333605,0.4479283314669653,-0.15061440897362927,0.15061440897362927
2020-06-09,9783,9867,-0.08177450679750588,1.4695449478058173,-1.5513194546033233,1.5513194546033233
2020-06-10,9775,10012,1.19693094629156,-2.207351178585697,3.4042821248772572,3.4042821248772572
2020-06-11,9892,9791,-6.1261625556004855,-0.7660096006536615,-5.360152954946824,5.360152954946824
2020-06-12,9286,9716,0.4738315744130949,-2.974475092630712,3.448306667043807,3.448306667043807
2020-06-15,9330,9427,1.0396570203644158,5.547894346027368,-4.508237325662952,4.508237325662952
2020-06-16,9427,9950,1.0501750291715286,-0.07035175879396985,1.1205267879654985,1.1205267879654985
2020-06-17,9526,9943,-0.7453285744278816,-0.5129236648898723,-0.2324049095380093,0.2324049095380093
2020-06-18,9455,9892,-0.7932310946589107,1.51637687019814,-2.309607964857051,2.309607964857051
2020-06-19,9380,10042,-1.0127931769722816,-0.9659430392352122,-0.046850137737069364,0.046850137737069364
2020-06-22,9285,9945,4.383414108777598,1.8702865761689291,2.5131275326086686,2.5131275326086686
2020-06-23,9692,10131,-0.7325629385059843,-0.3750863685717106,-0.3574765699342737,0.3574765699342737
2020-06-24,9621,10093,-3.575511901049787,-1.922124244525909,-1.6533876565238779,1.6533876565238779
2020-06-25,9277,9899,-0.38805648377708307,0.9697949287806849,-1.3578514125577679,1.3578514125577679
2020-06-26,9241,9995,-1.233632723731198,-2.2311155577788897,0.9974828340476918,0.9974828340476918
2020-06-29,9127,9772,0.6354771556919031,1.0540319279574293,-0.4185547722655262,0.4185547722655262
2020-06-30,9185,9875,-0.5552531301034295,1.9139240506329112,-2.4691771807363407,2.4691771807363407
2020-07-01,9134,10064,1.1167068097219182,2.0369634340222578,-0.9202566243003396,0.9202566243003396
2020-07-02,9236,10269,-1.5915980944131658,0.8861622358554875,-2.4777603302686533,2.4777603302686533
2020-07-06,9089,10360,2.8606007261524917,0.5019305019305019,2.35867022422199,2.35867022422199
2020-07-07,9349,10412,-0.9947587977323779,-0.028812908182865922,-0.9659458895495119,0.9659458895495119
2020-07-08,9256,10409,1.9878997407087293,1.489095974637333,0.4988037660713964,0.4988037660713964
2020-07-09,9440,10564,-2.139830508474576,-0.17039000378644453,-1.9694405046881316,1.9694405046881316
2020-07-10,9238,10546,0.6278415241394242,1.7447373411720084,-1.1168958170325842,1.1168958170325842
2020-07-13,9296,10730,-0.6239242685025818,-3.91425908667288,3.2903348181702983,3.2903348181702983
2020-07-14,9238,10310,0.1840225156960381,2.5897187196896216,-2.4056962039935836,2.4056962039935836
2020-07-15,9255,10577,-0.6591031874662345,-1.257445400397088,0.5983422129308535,0.5983422129308535
2020-07-16,9194,10444,-0.6852294974983685,0.5457679050172348,-1.2309974025156034,1.2309974025156034
2020-07-17,9131,10501,0.9199430511444529,0.23807256451766498,0.6818704866267878,0.6818704866267878
2020-07-20,9215,10526,-0.5534454693434617,2.96408892266768,-3.5175343920111417,3.5175343920111417
2020-07-21,9164,10838,2.4989087734613706,-1.384019191732792,3.8829279651941624,3.8829279651941624
2020-07-22,9393,10688,1.5330565314595974,0.018712574850299403,1.514343956609298,1.514343956609298
2020-07-23,9537,10690,0.7968962986264025,-3.704396632366698,4.501292930993101,4.501292930993101
2020-07-24,9613,10294,3.391241027774888,1.2434427822032252,2.147798245571663,2.147798245571663
2020-07-27,9939,10422,11.097695945266123,0.8347725964306276,10.262923348835496,10.262923348835496
2020-07-28,11042,10509,-0.9690273501177323,-0.3235322104862499,-0.6454951396314824,0.6454951396314824
2020-07-29,10935,10475,1.5363511659807956,-0.23866348448687352,1.7750146504676692,1.7750146504676692
2020-07-30,11103,10450,0.10807889759524453,2.784688995215311,-2.6766100976200664,2.6766100976200664
2020-07-31,11115,10741,-0.3328834907782276,1.005492970859324,-1.3383764616375518,1.3383764616375518
2020-08-03,11078,10849,1.4894385268098935,0.45165453037146286,1.0377839964384306,1.0377839964384306
2020-08-04,11243,10898,-0.4358267366361292,0.642319691686548,-1.0781464283226772,1.0781464283226772
2020-08-05,11194,10968,4.96694657852421,0.200583515681984,4.766363062842226,4.766363062842226
2020-08-06,11750,10990,0.19574468085106383,0.7552320291173795,-0.5594873482663156,0.5594873482663156
2020-08-07,11773,11073,-0.7559670432345196,-0.3522080736927662,-0.4037589695417534,0.4037589695417534
2020-08-10,11684,11034,1.7887709688462854,-0.8247235816566975,2.613494550502983,2.613494550502983
2020-08-11,11893,10943,-4.212562011267132,-0.5939870236680983,-3.618574987599034,3.618574987599034
2020-08-12,11392,10878,1.5888342696629212,1.3697370840227983,0.21909718564012293,0.21909718564012293
2020-08-13,11573,11027,1.7627235807482933,0.13602974517094404,1.6266938355773493,1.6266938355773493
2020-08-14,11777,11042,1.1632843678356117,0.37130954537221517,0.7919748224633966,0.7919748224633966
2020-08-17,11914,11083,3.1895249286553637,0.7940088423711991,2.3955160862841645,2.3955160862841645
2020-08-18,12294,11171,-2.635431918008785,0.39387700295407757,-3.0293089209628628,3.0293089209628628
2020-08-19,11970,11215,-1.9715956558061822,-1.0610789121711994,-0.9105167436349828,0.9105167436349828
2020-08-20,11734,11096,1.1249360831770923,1.4599855803893294,-0.3350494972122371,0.3350494972122371
2020-08-21,11866,11258,-1.7950446654306424,1.6965713270563156,-3.491615992486958,3.491615992486958
2020-08-24,11653,11449,0.9525444091650219,-0.6900165953358373,1.6425610045008592,1.6425610045008592
2020-08-25,11764,11370,-3.629717783066984,1.2928759894459103,-4.9225937725128945,4.9225937725128945
2020-08-26,11337,11517,1.1466878362882598,1.4847616566814275,-0.3380738203931677,0.3380738203931677
2020-08-27,11467,11688,-1.4389116595447806,0.008555783709787816,-1.4474674432545684,1.4474674432545684
2020-08-28,11302,11689,3.5922845514068302,0.25665155274189405,3.335632998664936,3.335632998664936
2020-08-31,11708,11719,-0.40997608472839087,1.1263759706459595,-1.5363520553743504,1.5363520553743504
2020-09-01,11660,11851,2.2555746140651802,1.6538688718251624,0.6017057422400178,0.6017057422400178
2020-09-02,11923,12047,-4.4116413654281645,-1.5356520295509257,-2.8759893358772386,2.8759893358772386
2020-09-03,11397,11862,-10.608054751250329,-3.9285112122744903,-6.679543538975839,6.679543538975839
2020-09-04,10188,11396,1.76678445229682,-4.343629343629344,6.1104137959261635,6.1104137959261635
2020-09-08,10368,10901,-2.372685185185185,1.5044491331070544,-3.8771343182922395,3.8771343182922395
2020-09-09,10122,11065,1.0472238688006321,1.5454134658834162,-0.4981895970827841,0.4981895970827841
2020-09-10,10228,11236,1.222135314822057,-2.0113919544321823,3.2335272692542394,3.2335272692542394
2020-09-11,10353,11010,-0.21249879262049648,0.0,-0.21249879262049648,0.21249879262049648
2020-09-14,10331,11010,3.329784144806892,1.6712079927338783,1.6585761520730136,1.6585761520730136
2020-09-15,10675,11194,1.0398126463700235,0.2501340003573343,0.7896786460126892,0.7896786460126892
2020-09-16,10786,11222,1.5019469682922306,-3.7961147745499915,5.298061742842222,5.298061742842222
2020-09-17,10948,10796,-0.03653635367190354,1.6394961096702483,-1.6760324633421517,1.6760324633421517
2020-09-18,10944,10973,-0.21929824561403508,-3.3081199307390867,3.0888216851250516,3.0888216851250516
2020-09-21,10920,10610,-4.487179487179487,2.4787935909519323,-6.9659730781314195,6.9659730781314195
2020-09-22,10430,10873,0.977948226270374,0.7173733100340293,0.26057491623634477,0.26057491623634477
2020-09-23,10532,10951,-2.82947208507406,-3.6526344626061547,0.8231623775320949,0.8231623775320949
2020-09-24,10234,10551,4.866132499511433,1.2226329257890247,3.6434995737224076,3.6434995737224076
2020-09-25,10732,10680,0.39135296310100637,3.7827715355805243,-3.391418572479518,3.391418572479518
2020-09-28,10774,11084,-0.7610915166140709,0.22555034283652112,-0.986641859450592,0.986641859450592
2020-09-29,10692,11109,1.3935652824541713,-0.14402736519938789,1.5375926476535593,1.5375926476535593
2020-09-30,10841,11093,-0.5811272022876118,1.7939240962769314,-2.3750512985645433,2.3750512985645433
2020-10-01,10778,11292,-1.4752273149007238,-1.8508678710591568,0.37564055615843306,0.37564055615843306
2020-10-02,10619,11083,0.508522459741972,0.7759631868627628,-0.2674407271207908,0.2674407271207908
2020-10-05,10673,11169,1.08685468003373,1.3071895424836601,-0.22033486244993017,0.22033486244993017
2020-10-06,10789,11315,-1.7147094262674947,-0.38002651347768446,-1.3346829127898103,1.3346829127898103
2020-10-07,10604,11272,0.6318370426254244,1.5170333569907737,-0.8851963143653493,0.8851963143653493
2020-10-08,10671,11443,2.3615406241214507,0.3932535174342393,1.9682871066872114,1.9682871066872114
2020-10-09,10923,11488,4.156367298361256,2.1239554317548746,2.0324118666063815,2.0324118666063815
2020-10-12,11377,11732,1.4327151270106355,1.4490282986703034,-0.016313171659667836,0.016313171659667836
2020-10-13,11540,11902,-0.9705372616984401,-0.10922534027894473,-0.8613119214194954,0.8613119214194954
2020-10-14,11428,11889,0.026251312565628283,-2.7672638573471278,2.793515169912756,2.793515169912756
2020-10-15,11431,11560,0.6386142944624268,1.7474048442906576,-1.1087905498282309,1.1087905498282309
2020-10-16,11504,11762,0.03477051460361613,-0.2550586634926033,0.28982917809621944,0.28982917809621944
2020-10-19,11508,11732,2.172401807438304,-1.7047391749062395,3.8771409823445433,3.8771409823445433
2020-10-20,11758,11532,1.4203095764585814,-0.01734304543877905,1.4376526218973604,1.4376526218973604
2020-10-21,11925,11530,7.60587002096436,-0.026019080659150044,7.631889101623511,7.631889101623511
2020-10-22,12832,11527,1.231296758104738,0.07807755703999306,1.153219201064745,1.153219201064745
2020-10-23,12990,11536,0.36181678214010776,-0.823509015256588,1.1853257973966957,1.1853257973966957
2020-10-26,13037,11441,0.29914857712663956,-0.2796958307840224,0.5788444079106619,0.5788444079106619
2020-10-27,13076,11409,4.397369226063017,-1.5601717941975635,5.95754102026058,5.95754102026058
2020-10-28,13651,11231,-2.65182037945938,-1.4869557474846407,-1.1648646319747396,1.1648646319747396
2020-10-29,13289,11064,1.2792535179471745,0.35249457700650755,0.9267589409406669,0.9267589409406669
2020-10-30,13459,11103,0.861876811055799,-0.8376114563631452,1.6994882674189442,1.6994882674189442
2020-11-02,13575,11010,3.300184162062615,0.2633969118982743,3.0367872501643407,3.0367872501643407
2020-11-03,14023,11039,0.948441845539471,3.668810580668539,-2.7203687351290684,2.7203687351290684
2020-11-04,14156,11444,10.137044362814354,3.250611674239776,6.886432688574578,6.886432688574578
2020-11-05,15591,11816,0.03206978384965685,0.45700744752877454,-0.42493766367911767,0.42493766367911767
2020-11-06,15596,11870,-1.7119774301102848,1.4911541701769166,-3.2031316002872012,3.2031316002872012
2020-11-09,15329,12047,-0.07828299301976645,-3.5278492570764506,3.449566264056684,3.449566264056684
2020-11-10,15317,11622,2.5592478944963113,0.3011529857167441,2.258094908779567,2.258094908779567
2020-11-11,15709,11657,3.7367114393023106,1.252466329244231,2.4842451100580796,2.4842451100580796
2020-11-12,16296,11803,0.26386843397152676,-0.06777937812420572,0.33164781209573246,0.33164781209573246
2020-11-13,16339,11795,2.3624456821102884,0.44086477320898687,1.9215809089013014,1.9215809089013014
2020-11-16,16725,11847,5.710014947683109,0.5571030640668524,5.152911883616257,5.152911883616257
2020-11-17,17680,11913,0.667420814479638,-0.14270125073449172,0.8101220652141297,0.8101220652141297
2020-11-18,17798,11896,0.12922800314642097,-0.9835238735709483,1.1127518767173692,1.1127518767173692
2020-11-19,17821,11779,4.859435497446833,0.9678240937261228,3.89161140372071,3.89161140372071
2020-11-20,18687,11893,-1.541178359287205,0.2017993777852518,-1.7429777370724568,1.7429777370724568
2020-11-23,18399,11917,4.206750366867765,0.18461022069312746,4.022140146174638,4.022140146174638
2020-11-24,19173,11939,-2.2583841860950296,0.963229751235447,-3.2216139373304764,3.2216139373304764
2020-11-25,18740,12054,-8.543223052294557,0.8710801393728222,-9.41430319166738,9.41430319166738
2020-11-27,17139,12159,15.000875196919306,0.5345834361378403,14.466291760781466,14.466291760781466
2020-11-30,19710,12224,-4.65246067985794,0.7280759162303665,-5.380536596088307,5.380536596088307
2020-12-01,18793,12313,2.309370510296387,-0.2192804353122716,2.5286509456086583,2.5286509456086583
2020-12-02,19227,12286,1.1858324231549384,0.6755656845189647,0.5102667386359737,0.5102667386359737
2020-12-03,19455,12369,-4.034952454381907,0.2425418384671356,-4.277494292849043,4.277494292849043
2020-12-04,18670,12399,2.73701124799143,0.5000403258327285,2.2369709221587013,2.2369709221587013
2020-12-07,19181,12461,-4.494030551066159,0.3370516009951047,-4.831082152061264,4.831082152061264
2020-12-08,18319,12503,1.2828211146896664,0.7118291610013596,0.5709919536883068,0.5709919536883068
2020-12-09,18554,12592,-1.6492400560526033,-2.7318932655654384,1.0826532095128352,1.0826532095128352
2020-12-10,18248,12248,-1.2001315212626043,0.7266492488569563,-1.9267807701195605,1.9267807701195605
2020-12-11,18029,12337,6.922180930722724,0.8916268136499959,6.030554117072728,6.030554117072728
2020-12-14,19277,12447,0.8455672563158169,0.7712701855868884,0.07429707072892844,0.07429707072892844
2020-12-15,19440,12543,9.974279835390947,0.5421350554093917,9.432144779981556,9.432144779981556
2020-12-16,21379,12611,6.866551288647739,0.9515502339227658,5.915001054724973,5.915001054724973
2020-12-17,22847,12731,1.330590449511971,0.5812583457701673,0.7493321037418036,0.7493321037418036
2020-12-18,23151,12805,-1.7537039436741393,-1.6321749316673173,-0.12152901200682198,0.12152901200682198
2020-12-21,22745,12596,4.7482963288634865,1.5004763416957765,3.24781998716771,3.24781998716771
2020-12-22,23825,12785,-2.40083945435467,0.3910833007430583,-2.791922755097728,2.791922755097728
2020-12-23,23253,12835,1.9911409280522943,-0.3350214257888586,2.326162353841153,2.326162353841153
2020-12-24,23716,12792,14.003204587620171,0.9615384615384616,13.04166612608171,13.04166612608171
2020-12-28,27037,12915,1.2538373340237452,0.38714672861014326,0.8666906054136019,0.8666906054136019
2020-12-29,27376,12965,5.409848042080655,-0.44735827227150016,5.857206314352155,5.857206314352155
2020-12-30,28857,12907,0.43663582492982644,-0.23243201363601146,0.669067838565838,0.669067838565838
2020-12-31,28983,12877,10.530310871890418,0.6367942843830084,9.89351658750741,9.89351658750741
2021-01-04,32035,12959,6.280630560324645,-2.2609769272320395,8.541607487556684,8.541607487556684
2021-01-05,34047,12666,8.262108262108262,0.0,8.262108262108262,8.262108262108262
2021-01-06,36860,12666,7.1242539338035815,1.5869256276646138,5.537328306138968,5.537328306138968
2021-01-07,39486,12867,2.9985311249556807,2.2771430791948393,0.7213880457608415,0.7213880457608415
2021-01-08,40670,13160,-12.60142611261372,-0.8434650455927052,-11.757961067021014,11.757961067021014
2021-01-11,35545,13049,-4.312842875228584,0.09962449229826041,-4.412467367526844,4.412467367526844
2021-01-12,34012,13062,9.940609196754087,0.1990506813657939,9.741558515388293,9.741558515388293
2021-01-13,37393,13088,4.72013478458535,0.6647310513447433,4.055403733240607,4.055403733240607
2021-01-14,39158,13175,-5.947699065325093,-0.5692599620493358,-5.378439103275757,5.378439103275757
2021-01-15,36829,13100,-2.1966385185587445,0.2519083969465649,-2.4485469155053092,2.4485469155053092
2021-01-19,36020,13133,-1.3353692393114938,1.599025355973502,-2.9343945952849957,2.9343945952849957
2021-01-20,35539,13343,-13.340274065111569,1.3340328262010042,-14.674306891312572,14.674306891312572
2021-01-21,30798,13521,7.1563088512241055,-0.34021152281635975,7.496520374040466,7.496520374040466
2021-01-22,33002,13475,-2.2998606145082117,1.528756957328386,-3.8286175718365976,3.8286175718365976
2021-01-25,32243,13681,0.9273330645411406,0.007309407207075506,0.9200236573340651,0.9200236573340651
2021-01-26,32542,13682,-6.523876836088747,-1.4252302294986112,-5.098646606590136,5.098646606590136
2021-01-27,30419,13487,9.809658437160985,-1.2159857640691036,11.025644201230088,11.025644201230088
2021-01-28,33403,13323,2.7272999431188816,-0.2852210463108909,3.0125209894297726,3.0125209894297726
2021-01-29,34314,13285,-2.305181558547532,-0.4441098983816334,-1.8610716601658985,1.8610716601658985
2021-02-01,33523,13226,5.986934343585001,2.396794193255708,3.590140150329293,3.590140150329293
2021-02-02,35530,13543,6.03996622572474,1.292180462231411,4.747785763493329,4.747785763493329
2021-02-03,37676,13718,-1.7889372544856144,-0.32074646449919814,-1.4681907899864162,1.4681907899864162
2021-02-04,37002,13674,3.4511648019026,1.1042855053385987,2.3468792965640013,2.3468792965640013
2021-02-05,38279,13825,21.12124141174012,0.8101265822784811,20.311114829461637,20.311114829461637
2021-02-08,46364,13937,0.48744715727719784,0.21525435890076774,0.27219279837643007,0.27219279837643007
2021-02-09,46590,13967,-3.674608285039708,0.9021264408963987,-4.576734725936107,4.576734725936107
2021-02-10,44878,14093,6.985605419136324,-0.34059462144326974,7.326200040579594,7.326200040579594
2021-02-11,48013,14045,-1.128860933497178,-0.4699181203275187,-0.6589428131696593,0.6589428131696593
2021-02-12,47471,13979,3.557961702934423,1.2375706416768009,2.320391061257622,2.320391061257622
2021-02-16,49160,14152,6.017087062652563,-1.6958733747880157,7.712960437440579,7.712960437440579
2021-02-17,52118,13912,-0.9785486779999233,-0.6972397929844738,-0.2813088850154495,0.2813088850154495
2021-02-18,51608,13815,8.349480700666563,0.8251900108577632,7.524290689808799,7.524290689808799
2021-02-19,55917,13929,-3.2083266269649657,-1.543542249982052,-1.6647843769829138,1.6647843769829138
2021-02-22,54123,13714,-9.687193984073314,-3.288610179378737,-6.398583804694577,6.398583804694577
2021-02-23,48880,13263,3.5699672667757776,1.0329488049460906,2.537018461829687,2.537018461829687
2021-02-24,50625,13400,-7.555555555555555,0.8432835820895523,-8.398839137645108,8.398839137645108
2021-02-25,46800,13513,-0.9829059829059829,-2.0720787389920816,1.0891727560860986,1.0891727560860986
2021-02-26,46340,13233,7.073802330599914,1.3073377163152724,5.766464614284642,5.766464614284642
2021-03-01,49618,13406,-2.543431819097908,1.4396538863195585,-3.9830857054174666,3.9830857054174666
2021-03-02,48356,13599,4.388286872363305,-1.9339657327744688,6.322252605137773,6.322252605137773
2021-03-03,50478,13336,-4.019572883236262,-2.8644271145770848,-1.1551457686591773,1.1551457686591773
2021-03-04,48449,12954,0.8503787487873846,-0.725644588544079,1.5760233373314636,1.5760233373314636
2021-03-05,48861,12860,7.036286608951925,0.34214618973561434,6.6941404192163105,6.6941404192163105
2021-03-08,52299,12904,4.938908965754604,0.14724116553006822,4.791667800224536,4.791667800224536
2021-03-09,54882,12923,2.0316315003097554,2.4143000851195544,-0.38266858480979904,0.38266858480979904
2021-03-10,55997,13235,3.155526188902977,0.2871174914998111,2.868408697403166,2.868408697403166
2021-03-11,57764,13273,-0.8846340281143965,-0.376704588261885,-0.5079294398525115,0.5079294398525115
2021-03-12,57253,13223,3.283670724678183,0.7562580352416245,2.5274126894365585,2.5274126894365585
2021-03-15,59133,13323,-5.712546293947542,1.501163401636268,-7.213709695583811,7.213709695583811
2021-03-16,55755,13523,2.0034077661196306,-1.375434445019596,3.3788422111392267,3.3788422111392267
2021-03-17,56872,13337,3.5887607258404843,0.0899752568043788,3.4987854690361053,3.4987854690361053
2021-03-18,58913,13349,-2.1166805289155195,-1.7154843059405198,-0.4011962229749997,0.4011962229749997
2021-03-19,57666,13120,-0.44220164394964107,1.211890243902439,-1.65409188785208,1.65409188785208
2021-03-22,57411,13279,-5.584295692463117,0.7681301302808946,-6.352425822744012,6.352425822744012
2021-03-23,54205,13381,0.5017987270546997,-0.6875420372169494,1.1893407642716491,1.1893407642716491
2021-03-24,54477,13289,-3.614369366888779,-3.3411091880502672,-0.2732601788385116,0.2732601788385116
2021-03-25,52508,12845,-2.0796830959091945,1.1755546905410665,-3.255237786450261,3.255237786450261
2021-03-26,51416,12996,8.495409989108449,0.8310249307479225,7.664385058360526,7.664385058360526
2021-03-29,55784,13104,3.305607342607199,-0.724969474969475,4.030576817576674,4.030576817576674
2021-03-30,57628,13009,1.9122648712431456,0.8763163963409947,1.0359484749021508,1.0359484749021508
2021-03-31,58730,13123,0.008513536523071684,2.217480758972796,-2.2089672224497243,2.2089672224497243
2021-04-01,58735,13414,-0.898952924150847,1.349336514089757,-2.248289438240604,2.248289438240604
2021-04-05,58207,13595,1.455151442266394,0.639941154836337,0.8152102874300571,0.8152102874300571
2021-04-06,59054,13682,-1.7509398177938835,-0.05116211080251425,-1.6997777069913693,1.6997777069913693
2021-04-07,58020,13675,-3.5729058945191317,0.8921389396709324,-4.465044834190064,4.465044834190064
2021-04-08,55947,13797,3.757127281176828,-0.07247952453431905,3.829606805711147,3.829606805711147
2021-04-09,58049,13787,3.3006597874209715,0.48596503952999204,2.8146947478909796,2.8146947478909796
2021-04-12,59965,13854,-0.21679312932543984,0.34647033347769596,-0.5632634628031358,0.5632634628031358
2021-04-13,59835,13902,6.215425754157266,0.73370738023306,5.481718373924206,5.481718373924206
2021-04-14,63554,14004,-0.9204770746137143,-0.14995715509854327,-0.7705199195151711,0.7705199195151711
2021-04-15,62969,13983,0.4510155790944751,0.5435171279410713,-0.09250154884659623,0.09250154884659623
2021-04-16,63253,14059,-11.06983067996775,-0.5263532256917277,-10.543477454276022,10.543477454276022
2021-04-19,56251,13985,-0.9742049030239462,-0.6506971755452271,-0.32350772747871914,0.32350772747871914
2021-04-20,55703,13894,1.445164533328546,-1.0652080034547287,2.510372536783275,2.510372536783275
2021-04-21,56508,13746,-4.776314858073193,1.5058926233085987,-6.282207481381792,6.282207481381792
2021-04-22,53809,13953,-3.859949079150328,-0.6593564108077117,-3.2005926683426162,3.2005926683426162
2021-04-23,51732,13861,-5.1341529420861365,1.3779669576509632,-6.512119899737099,6.512119899737099
2021-04-26,49076,14052,10.149563941641535,0.8468545402789638,9.302709401362572,9.302709401362572
2021-04-27,54057,14171,1.8757977690215883,-0.6209865217698116,2.4967842907913997,2.4967842907913997
2021-04-28,55071,14083,-0.339561656770351,0.866292693318185,-1.205854350088536,1.205854350088536
2021-04-29,54884,14205,-2.368632023904963,-1.6473072861668425,-0.7213247377381207,0.7213247377381207
2021-04-30,53584,13971,5.647208121827411,0.436618710185384,5.210589411642028,5.210589411642028
2021-05-03,56610,14032,1.0651828298887123,-1.8315279361459522,2.8967107660346647,2.8967107660346647
2021-05-04,57213,13775,-6.940730253613689,-0.3194192377495463,-6.621311015864142,6.621311015864142
2021-05-05,53242,13731,7.946733781600991,-1.2599228024178866,9.206656584018878,9.206656584018878
2021-05-06,57473,13558,-1.8182450889983122,1.216993656881546,-3.035238745879858,3.035238745879858
2021-05-07,56428,13723,3.283830722336429,-0.2550462726809007,3.5388769950173296,3.5388769950173296
2021-05-10,58281,13688,-4.112832655582436,-4.1788427819988305,0.06601012641639414,0.06601012641639414
2021-05-11,55884,13116,1.5496385369694368,0.7548032936870998,0.794835243282337,0.794835243282337
2021-05-12,56750,13215,-13.644052863436123,-0.48429814604615967,-13.159754717389964,13.159754717389964
2021-05-13,49007,13151,1.4181647519742078,0.7984183712265227,0.6197463807476851,0.6197463807476851
2021-05-14,49702,13256,-6.559092189449117,0.8524441762220881,-7.411536365671205,7.411536365671205
2021-05-17,46442,13369,-6.128073726368374,0.359039569152517,-6.487113295520891,6.487113295520891
2021-05-18,43596,13417,-1.568951279933939,-2.52664530073787,0.9576940208039311,0.9576940208039311
2021-05-19,42912,13078,-13.860924683072334,2.13335372381098,-15.994278406883314,15.994278406883314
2021-05-20,36964,13357,10.334379396169245,1.9390581717451523,8.395321224424093,8.395321224424093
2021-05-21,40784,13616,-14.78275794429188,-0.43331374853113985,-14.349444195760741,14.349444195760741
2021-05-24,34755,13557,11.434325996259531,1.2170834255366232,10.217242570722908,10.217242570722908
2021-05-25,38729,13722,-0.8210901391721965,-0.2040518874799592,-0.6170382516922374,0.6170382516922374
2021-05-26,38411,13694,2.2259248652729684,0.35782094347889587,1.8681039217940725,1.8681039217940725
2021-05-27,39266,13743,-2.0908674171038557,0.35654515025831335,-2.447412567362169,2.447412567362169
2021-05-28,38445,13792,-2.9496683573936795,0.26827146171693733,-3.217939819110617,3.217939819110617
2021-06-01,37311,13829,-1.7367532363110074,-0.6218815532576469,-1.1148716830533605,1.1148716830533605
2021-06-02,36663,13743,2.5147969342388783,-0.6330495524994543,3.1478464867383327,3.1478464867383327
2021-06-03,37585,13656,4.267659970733005,0.30023432923257176,3.9674256415004336,3.9674256415004336
2021-06-04,39189,13697,-8.607007068309985,0.7738920931590859,-9.38089916146907,9.38089916146907
2021-06-07,35816,13803,-6.424503015412106,1.0360066652177062,-7.460509680629812,7.460509680629812
2021-06-08,33515,13946,-0.19394301059227212,0.24379750466083464,-0.43774051525310675,0.43774051525310675
2021-06-09,33450,13980,11.623318385650224,-0.3290414878397711,11.952359873489995,11.952359873489995
2021-06-10,37338,13934,-1.695323798810863,0.6961389407205397,-2.3914627395314025,2.3914627395314025
2021-06-11,36705,14031,6.435090587113472,0.37060793956239757,6.064482647551075,6.064482647551075
2021-06-14,39067,14083,3.734609772954155,0.5964638216289143,3.138145951325241,3.138145951325241
2021-06-15,40526,14167,-0.8315649212851008,-0.5717512529116963,-0.2598136683734046,0.2598136683734046
2021-06-16,40189,14086,-4.638085048147503,-0.6176345307397416,-4.020450517407761,4.020450517407761
2021-06-17,38325,13999,-0.6705805609915199,0.7000500035716837,-1.3706305645632035,1.3706305645632035
2021-06-18,38068,14097,-6.5041504675843225,-0.3546853940554728,-6.14946507352885,6.14946507352885
2021-06-21,35592,14047,-10.971566644189705,0.6478251583968108,-11.619391802586517,11.619391802586517
2021-06-22,31687,14138,2.4016158045886327,0.8841420285754704,1.5174737760131622,1.5174737760131622
2021-06-23,32448,14263,3.781434911242604,0.6590478861389609,3.122387025103643,3.122387025103643
2021-06-24,33675,14357,2.8626577579806978,0.3064707111513547,2.556187046829343,2.556187046829343
2021-06-25,34639,14401,0.014434596841710211,0.11804735782237345,-0.10361276098066324,0.10361276098066324
2021-06-28,34644,14418,-0.539776007389447,0.6311555000693577,-1.1709315074588047,1.1709315074588047
2021-06-29,34457,14509,4.0369155759352235,0.006892273761113792,4.03002330217411,4.03002330217411
2021-06-30,35848,14510,-2.2344342780629325,-0.11026878015161956,-2.1241654979113127,2.1241654979113127
2021-07-01,35047,14494,-4.308500014266556,0.614047191941493,-4.9225472062080495,4.9225472062080495
2021-07-02,33537,14583,0.6291558577093956,0.5417266680381265,0.08742918967126911,0.08742918967126911
2021-07-06,33748,14662,1.3719331515941684,0.6206520256445233,0.7512811259496451,0.7512811259496451
2021-07-07,34211,14753,-1.087369559498407,-2.3317291398359656,1.2443595803375587,1.2443595803375587
2021-07-08,33839,14409,-2.8428736073761045,1.1728780623221597,-4.015751669698265,4.015751669698265
2021-07-09,32877,14578,4.109255710679198,1.1387021539305804,2.9705535567486177,2.9705535567486177
2021-07-12,34228,14744,-3.1260955942503212,-0.19669017905588715,-2.929405415194434,2.929405415194434
2021-07-13,33158,14715,-1.4204716810422824,0.44852191641182465,-1.868993597454107,1.868993597454107
2021-07-14,32687,14781,0.391592988038058,-0.9809891076381841,1.372582095676242,1.372582095676242
2021-07-15,32815,14636,-3.2789882675605666,-0.2596337797212353,-3.0193544878393315,3.0193544878393315
2021-07-16,31739,14598,0.13863070670153438,-2.479791752294835,2.618422458996369,2.618422458996369
2021-07-19,31783,14236,-3.042507000597804,0.6602978364709188,-3.7028048370687228,3.7028048370687228
2021-07-20,30816,14330,-3.3294392523364484,1.2491277041172366,-4.578566956453685,4.578566956453685
2021-07-21,29790,14509,7.814702920443102,0.9924874216003859,6.8222154988427155,6.8222154988427155
2021-07-22,32118,14653,0.5604334018307491,0.6824541049614413,-0.12202070313069224,0.12202070313069224
2021-07-23,32298,14753,9.495944021301629,0.46092320206059784,9.03502081924103,9.03502081924103
2021-07-26,35365,14821,5.522409161600452,-0.08771337966399027,5.610122541264442,5.610122541264442
2021-07-27,37318,14808,5.595155153009271,-0.6212857914640735,6.216440944473344,6.216440944473344
2021-07-28,39406,14716,1.514997716083845,0.37374286490894265,1.1412548511749023,1.1412548511749023
2021-07-29,40003,14771,0.007499437542184336,-1.0493534628664274,1.0568529004086118,1.0568529004086118
2021-07-30,40006,14616,-0.014997750337449383,0.9783798576902026,-0.9933776080276521,0.9933776080276521
2021-08-02,40000,14759,-2.015,-0.3048987058743817,-1.7101012941256184,1.7101012941256184
2021-08-03,39194,14714,-2.694289942338113,0.2242761995378551,-2.918566141875968,2.918566141875968
2021-08-04,38138,14747,4.226755466988306,0.3187088899437174,3.9080465770445882,3.9080465770445882
2021-08-05,39750,14794,2.8477987421383646,0.47316479653913746,2.374633945599227,2.374633945599227
2021-08-06,40882,14864,7.176752605058461,-0.05382131324004305,7.230573918298504,7.230573918298504
2021-08-09,43816,14856,5.744476903414278,0.2154011847065159,5.529075718707762,5.529075718707762
2021-08-10,46333,14888,-1.5647594587011415,-0.36270822138635145,-1.20205123731479,1.20205123731479
2021-08-11,45608,14834,0.006577793369584284,-0.5595254145881084,0.5661032079576928,0.5661032079576928
2021-08-12,45611,14751,-2.6155971147310955,0.5016609043454681,-3.1172580190765635,3.1172580190765635
2021-08-13,44418,14825,5.939033725066414,-0.357504215851602,6.296537940918016,6.296537940918016
2021-08-16,47056,14772,-2.2802618157089425,-0.6837259680476577,-1.5965358476612848,1.5965358476612848
2021-08-17,45983,14671,-2.90107213535437,-0.23856587826324038,-2.6625062570911298,2.6625062570911298
2021-08-18,44649,14636,0.28892024457434656,-1.455315660016398,1.7442359045907445,1.7442359045907445
2021-08-19,44778,14423,4.370449774442807,1.0330721763849406,3.337377598057866,3.337377598057866
2021-08-20,46735,14572,5.565422060554188,1.4068075761734835,4.1586144843807045,4.1586144843807045
2021-08-23,49336,14777,0.3810604832171234,1.360221966569669,-0.9791614833525457,0.9791614833525457
2021-08-24,49524,14978,-3.592197722316453,0.4072639871811991,-3.999461709497652,3.999461709497652
2021-08-25,47745,15039,2.5699026076028906,-0.09309129596382738,2.662993903566718,2.662993903566718
2021-08-26,48972,15025,-4.102344196683819,-0.36605657237936773,-3.736287624304451,3.736287624304451
2021-08-27,46963,14970,3.926495326107787,1.3092852371409485,2.6172100889668384,2.6172100889668384
2021-08-30,48807,15166,-3.548671297149999,0.6395885533430041,-4.188259850493003,4.188259850493003
2021-08-31,47075,15263,0.17206585236325014,0.3013824280940837,-0.12931657573083358,0.12931657573083358
2021-09-01,47156,15309,3.6198999066926794,0.3200731595793324,3.299826747113347,3.299826747113347
2021-09-02,48863,15358,0.9536868387123181,-0.29300690194035683,1.2466937406526748,1.2466937406526748
2021-09-03,49329,15313,6.787082649151614,0.41141513746489916,6.375667511686715,6.375667511686715
2021-09-07,52677,15376,-11.139586536818726,-0.10405827263267431,-11.035528264186052,11.035528264186052
2021-09-08,46809,15360,-1.5616654916789505,-0.4166666666666667,-1.1449988250122838,1.1449988250122838
2021-09-09,46078,15296,0.6315378271626373,0.24189330543933052,0.38964452172330677,0.38964452172330677
2021-09-10,46369,15333,-0.6685501089089694,-0.7956694710754583,0.1271193621664889,0.1271193621664889
2021-09-13,46059,15211,-2.366529885581537,-0.2826901584379725,-2.0838397271435642,2.0838397271435642
2021-09-14,44969,15168,4.676554960083614,-0.6395042194092827,5.316059179492896,5.316059179492896
2021-09-15,47072,15071,2.328348062542488,0.3251277287505806,2.0032203337919077,2.0032203337919077
2021-09-16,48168,15120,-0.7951336987211427,0.2843915343915344,-1.079525233112677,1.079525233112677
2021-09-17,47785,15163,-1.1216909071884484,-2.67097540064631,1.5492844934578613,1.5492844934578613
2021-09-20,47249,14758,-9.200194713115621,0.3049193657677192,-9.505114078883341,9.505114078883341
2021-09-21,42902,14803,-5.321430236352617,-0.013510774842937244,-5.307919461509679,5.307919461509679
2021-09-22,40619,14801,7.351239567689998,1.0742517397473144,6.276987827942683,6.276987827942683
2021-09-23,43605,14960,2.9446164430684556,0.013368983957219251,2.9312474591112365,2.9312474591112365
2021-09-24,44889,14962,-3.8004856423622715,-0.05346878759524128,-3.7470168547670304,3.7470168547670304
2021-09-27,43183,14954,-2.1883611606419193,-1.1167580580446703,-1.071603102597249,1.071603102597249
2021-09-28,42238,14787,-2.9049670912448504,-1.1631838777304389,-1.7417832135144116,1.7417832135144116
2021-09-29,41011,14615,1.2460071688083685,-0.2189531303455354,1.464960299153904,1.464960299153904
2021-09-30,41522,14583,5.3850970569818415,-0.6034423643969006,5.988539421378742,5.988539421378742
2021-10-01,43758,14495,10.164998400292518,-0.013797861331493619,10.178796261624012,10.178796261624012
2021-10-04,48206,14493,1.9458158735427125,-1.2419788863589318,3.187794759901644,3.187794759901644
2021-10-05,49144,14313,4.806283574800586,-0.16767973171242925,4.973963306513015,4.973963306513015
2021-10-06,51506,14289,7.451559041665049,2.4004478969836938,5.0511111446813555,5.0511111446813555
2021-10-07,55344,14632,-2.7880167678519805,0.43056314926189176,-3.218579917113872,3.218579917113872
2021-10-08,53801,14695,1.5334287466775711,-1.0547805375978225,2.5882092842753934,2.5882092842753934
2021-10-11,54626,14540,5.17336067074287,-0.0068775790921595595,5.180238249835029,5.180238249835029
2021-10-12,57452,14539,-2.104365383276474,-0.013756104271270376,-2.090609279005204,2.090609279005204
2021-10-13,56243,14537,2.0695908824209233,1.2450987136272957,0.8244921687936275,0.8244921687936275
2021-10-14,57407,14718,-0.015677530614733395,1.1754314444897405,-1.1911089751044739,1.1911089751044739
2021-10-15,57398,14891,7.226732638767901,-0.3424887515949231,7.569221390362824,7.569221390362824
2021-10-18,61546,14840,0.6921652097618042,1.5700808625336928,-0.8779156527718887,0.8779156527718887
2021-10-19,61972,15073,3.7371716258955656,0.5771910037815962,3.1599806221139692,3.1599806221139692
2021-10-20,64288,15160,2.762568442010951,-0.3627968337730871,3.1253652757840378,3.1253652757840378
2021-10-21,66064,15105,-5.614252845725357,0.3508771929824561,-5.965130038707813,5.965130038707813
2021-10-22,62355,15158,-2.3590730494747816,-0.09895764612745746,-2.2601154033473243,2.2601154033473243
2021-10-25,60884,15143,3.592076736088299,1.1556494750049529,2.436427261083346,2.436427261083346
2021-10-26,63071,15318,-4.322113174041952,-0.27418723070896983,-4.047925943332983,4.047925943332983
2021-10-27,60345,15276,-2.994448587289751,0.18984027232259754,-3.1842888596123484,3.1842888596123484
2021-10-28,58538,15305,3.5002904096484335,0.11760862463247304,3.3826817850159605,3.3826817850159605
2021-10-29,60587,15323,1.2973080033670588,1.4226979051099655,-0.12538990174290676,0.12538990174290676
2021-11-01,61373,15541,-0.5588776823684682,0.2766874718486584,-0.8355651542171266,0.8355651542171266
2021-11-02,61030,15584,3.6228084548582666,0.4812628336755647,3.141545621182702,3.141545621182702
2021-11-03,63241,15659,-0.4522382631520691,1.2197458330672455,-1.6719840962193147,1.6719840962193147
2021-11-04,62955,15850,-2.4033039472639186,0.971608832807571,-3.3749127800714898,3.3749127800714898
2021-11-05,61442,16004,9.960613261287067,-0.04998750312421895,10.010600764411286,10.010600764411286
2021-11-08,67562,15996,-0.8999141529262011,0.17504376094023505,-1.0749579138664362,1.0749579138664362
2021-11-09,66954,16024,-2.952773546016668,-1.6849725411882177,-1.2678010048284503,1.2678010048284503
2021-11-10,64977,15754,-0.21238284315988734,-0.012695188523549577,-0.19968765463633775,0.19968765463633775
2021-11-11,64839,15752,-0.9006924844615124,0.006348400203148806,-0.9070408846646612,0.9070408846646612
2021-11-12,64255,15753,-1.044276709983659,0.9014156033771346,-1.9456923133607935,1.9456923133607935
2021-11-15,63584,15895,-5.366129843985909,-0.34602076124567477,-5.020109082740234,5.020109082740234
2021-11-16,60172,15840,0.3473376321212524,0.845959595959596,-0.4986219638383436,0.4986219638383436
2021-11-17,60381,15974,-5.730279392524138,-0.00626017278076875,-5.7240192197433695,5.7240192197433695
2021-11-18,56921,15973,2.1292668786563835,0.43197896450259815,1.6972879141537853,1.6972879141537853
2021-11-19,58133,16042,-3.149674023360226,0.49245729958858,-3.642131322948806,3.642131322948806
2021-11-22,56302,16121,2.266349330396789,-1.9291607220395757,4.195510052436365,4.195510052436365
2021-11-23,57578,15810,-0.6773420403626386,-0.8349146110056925,0.15757257064305397,0.15757257064305397
2021-11-24,57188,15678,-6.2950269287263065,-0.08929710422247736,-6.2057298245038295,6.2057298245038295
2021-11-26,53588,15664,7.912219153541837,0.35112359550561795,7.56109555803622,7.56109555803622
2021-11-29,57828,15719,-1.3868714117728436,-0.012723455690565556,-1.374147956082278,1.374147956082278
2021-11-30,57026,15717,0.35773156104233156,0.22268880829674872,0.13504275274558283,0.13504275274558283
2021-12-01,57230,15752,-1.2615760964529095,-3.61858811579482,2.3570120193419104,2.3570120193419104
2021-12-02,56508,15182,-4.944432646704891,1.62692662363325,-6.571359270338141,6.571359270338141
2021-12-03,53714,15429,-5.862531183676508,-2.0156847494976993,-3.846846434178809,3.846846434178809
2021-12-06,50565,15118,0.15821220211608822,2.5995502050535784,-2.4413380029374903,2.4413380029374903
2021-12-07,50645,15511,-0.2645868298943627,1.160466765521243,-1.4250535954156058,1.4250535954156058
2021-12-08,50511,15691,-5.644315099681258,0.19119240328850934,-5.835507502969767,5.835507502969767
2021-12-09,47660,15721,-1.0973562736047,-0.5788435850136759,-0.5185126885910241,0.5185126885910241
2021-12-10,47137,15630,-0.806160765428432,-0.05758157389635317,-0.7485791915320787,0.7485791915320787
2021-12-13,46757,15621,3.4989413349872747,-2.5926637219128095,6.091605056900084,6.091605056900084
2021-12-14,48393,15216,1.016675965532205,0.09858044164037855,0.9180955238918265,0.9180955238918265
2021-12-15,48885,15231,-2.5099723841669226,2.6130917208325126,-5.123064104999435,5.123064104999435
2021-12-16,47658,15629,-3.113852868353687,-3.787830315439247,0.6739774470855604,0.6739774470855604
2021-12-17,46174,15037,1.593970632823667,-0.6916273192791115,2.2855979521027785,2.2855979521027785
2021-12-20,46910,14933,4.316776806651034,1.3861916560637515,2.9305851505872824,2.9305851505872824
2021-12-21,48935,15140,-0.627362828241545,1.1822985468956406,-1.8096613751371855,1.8096613751371855
2021-12-22,48628,15319,4.437772476762359,1.4752921208956198,2.9624803558667394,2.9624803558667394
2021-12-23,50786,15545,-0.18509037923837277,0.9778063686072692,-1.162896747845642,1.162896747845642
2021-12-27,50692,15697,-6.097609090191746,1.261387526278907,-7.358996616470653,7.358996616470653
2021-12-28,47601,15895,-2.504149072498477,-0.6291286568103177,-1.8750204156881591,1.8750204156881591
2021-12-29,46409,15795,1.5600422331875283,-0.2279202279202279,1.7879624611077563,1.7879624611077563
2021-12-30,47133,15759,-1.873422018543271,-0.2284408909194746,-1.6449811276237964,1.6449811276237964
2021-12-31,46250,15723,0.4151351351351351,0.06360109393881574,0.35153404119631937,0.35153404119631937
2022-01-03,46442,15733,-1.2467163343525256,0.756371957032988,-2.0030882913855135,2.0030882913855135
2022-01-04,45863,15852,-5.2918474587358,-1.9240474388089832,-3.367800019926817,3.367800019926817
2022-01-05,43436,15547,-0.7252048991619855,-3.363993053322184,2.6387881541601983,2.6387881541601983
2022-01-06,43121,15024,-3.694255699079335,0.4792332268370607,-4.173488925916396,4.173488925916396
2022-01-07,41528,15096,0.7729724523213254,-2.278749337572867,3.0517217898941924,3.0517217898941924
2022-01-10,41849,14752,2.088460895122942,1.1320498915401302,0.9564110035828117,0.9564110035828117
2022-01-11,42723,14919,2.8158134962432415,2.305784570011395,0.5100289262318465,0.5100289262318465
2022-01-12,43926,15263,-3.1416473159404457,-0.11793225447159798,-3.0237150614688475,3.0237150614688475
2022-01-13,42546,15245,1.2997696610727214,-3.522466382420466,4.822236043493188,4.822236043493188
2022-01-14,43099,14708,-1.6659319241745747,-0.17677454446559696,-1.4891573797089777,1.4891573797089777
2022-01-18,42381,14682,-1.5879757438474789,-0.6811061163329247,-0.9068696275145541,0.9068696275145541
2022-01-19,41708,14582,-2.4551644768389758,-0.8160746125360033,-1.6390898643029725,1.6390898643029725
2022-01-20,40684,14463,-10.330842591682234,-2.88321924911844,-7.447623342563794,7.447623342563794
2022-01-21,36481,14046,0.5427482799265371,-4.015378043571124,4.55812632349766,4.55812632349766
2022-01-24,36679,13482,0.7361160336977562,0.9568313306631064,-0.2207152969653502,0.2207152969653502
2022-01-25,36949,13611,-0.33830414896208283,1.9175666740136654,-2.2558708229757483,2.2558708229757483
2022-01-26,36824,13872,0.877145339995655,-1.1606113033448673,2.037756643340522,2.037756643340522
2022-01-27,37147,13711,1.6771206288529357,-1.9983954489096345,3.67551607776257,3.67551607776257
2022-01-28,37770,13437,1.9909981466772573,2.790801518196026,-0.7998033715187689,0.7998033715187689
2022-01-31,38522,13812,0.5659103888686984,3.366637706342311,-2.800727317473613,2.800727317473613
2022-02-01,38740,14277,-4.716055756324213,1.5199271555648945,-6.235982911889107,6.235982911889107
2022-02-02,36913,14494,0.484924010511202,-3.0909341796605494,3.5758581901717514,3.5758581901717514
2022-02-03,37092,14046,12.110428124663,-0.6265128862309555,12.736941010893956,12.736941010893956
2022-02-04,41584,13958,5.410734898037707,1.1534603811434303,4.2572745168942765,4.2572745168942765
2022-02-07,43834,14119,0.6821189031345531,-0.9561583681563851,1.6382772712909381,1.6382772712909381
2022-02-08,44133,13984,0.5981918292434233,2.745995423340961,-2.147803594097538,2.147803594097538
2022-02-09,44397,14368,-1.9505822465481901,-0.9674276169265034,-0.9831546296216868,0.9831546296216868
2022-02-10,43531,14229,-2.595851232455032,-0.10541851149061775,-2.490432720964414,2.490432720964414
2022-02-11,42401,14214,0.42451828966297966,-3.130716195300408,3.5552344849633877,3.5552344849633877
2022-02-14,42581,13769,4.591249618374392,1.655893674195657,2.935355944178735,2.935355944178735
2022-02-15,44536,13997,-1.3180348482126818,0.30006429949274843,-1.6180991477054303,1.6180991477054303
2022-02-16,43949,14039,-7.697558533755035,-0.24930550609017738,-7.448253027664857,7.448253027664857
2022-02-17,40566,14004,-1.358280333284031,-1.920879748643245,0.562599415359214,0.562599415359214
2022-02-18,40015,13735,-4.380857178558041,-2.2642883145249364,-2.1165688640331046,2.1165688640331046
2022-02-22,38262,13424,-2.5377659296429878,0.6555423122765197,-3.1933082419195076,3.1933082419195076
2022-02-23,37291,13512,2.8264192432490414,-6.838365896980461,9.664785140229503,9.664785140229503
2022-02-24,38345,12588,2.28973790585474,7.125834127740706,-4.836096221885967,4.836096221885967
2022-02-25,39223,13485,10.20574662825383,0.6377456433073785,9.568000984946453,9.568000984946453
2022-02-28,43226,13571,2.759913015314857,1.075823447056223,1.684089568258634,1.684089568258634
2022-03-01,44419,13717,-1.0896238096310138,-0.8675366333746446,-0.2220871762563692,0.2220871762563692
2022-03-02,43935,13598,-3.3481279162399,1.7649654360935432,-5.113093352333443,5.113093352333443
2022-03-03,42464,13838,-7.825452147701582,-2.7677410030351206,-5.057711144666461,5.057711144666461
2022-03-04,39141,13455,-2.8307912419202372,-0.9438870308435525,-1.8869042110766847,1.8869042110766847
2022-03-07,38033,13328,1.8930928404280494,-3.961584633853541,5.854677474281591,5.854677474281591
2022-03-08,38753,12800,8.267747013134468,2.453125,5.814622013134468,5.814622013134468
2022-03-09,41957,13114,-6.003765760183045,-0.12200701540338571,-5.881758744779659,5.881758744779659
2022-03-10,39438,13098,-1.7673310005578375,1.0077874484654146,-2.7751184490232523,2.7751184490232523
2022-03-11,38741,13230,-2.3773263467644097,-3.2879818594104306,0.910655512646021,0.910655512646021
2022-03-14,37820,12795,4.920676890534109,-0.8597108245408362,5.780387715074945,5.780387715074945
2022-03-15,39681,12685,-0.9072352007257882,3.421363815530154,-4.328599016255942,4.328599016255942
2022-03-16,39321,13119,4.60822461280232,1.8446527936580532,2.763571819144267,2.763571819144267
2022-03-17,41133,13361,-0.4521916709211582,1.526831823965272,-1.9790234948864303,1.9790234948864303
2022-03-18,40947,13565,0.7424231323418077,2.174714338370807,-1.4322912060289994,1.4322912060289994
2022-03-21,41251,13860,-0.4363530581076822,0.04329004329004329,-0.4796431013977255,0.4796431013977255
2022-03-22,41071,13866,3.1701200360351587,0.8942737631616904,2.2758462728734683,2.2758462728734683
2022-03-23,42373,13990,1.2555164845538433,0.07862759113652609,1.1768888934173172,1.1768888934173172
2022-03-24,42905,14001,2.561473021792332,1.3856153131919149,1.175857708600417,1.175857708600417
2022-03-25,44004,14195,6.488046541223526,-0.12680521310320533,6.614851754326732,6.614851754326732
2022-03-28,46859,14177,0.5484538722550631,2.2783381533469704,-1.7298842810919073,1.7298842810919073
2022-03-29,47116,14500,0.7046438577128789,0.4068965517241379,0.29774730598874094,0.29774730598874094
2022-03-30,47448,14559,-0.8093070308548306,-0.783020811868947,-0.02628621898588357,0.02628621898588357
2022-03-31,47064,14445,-3.24026857045725,-1.2114918656974731,-2.0287767047597765,2.0287767047597765
2022-04-01,45539,14270,1.947781022859527,0.23826208829712683,1.7095189345624,1.7095189345624
2022-04-04,46426,14304,0.3984836083229225,1.3003355704697988,-0.9018519621468762,0.9018519621468762
2022-04-05,46611,14490,-2.366394198794276,-3.3609385783298826,0.9945443795356068,0.9945443795356068
2022-04-06,45508,14003,-5.093609914740265,-1.0140684139113048,-4.0795415008289595,4.0795415008289595
2022-04-07,43190,13861,0.6344061125260477,-0.2236490873674338,0.8580551998934816,0.8580551998934816
2022-04-08,43464,13830,-3.0369961347321923,-2.0462762111352135,-0.9907199235969788,0.9907199235969788
2022-04-11,42144,13547,-6.299829157175399,0.2805049088359046,-6.580334066011304,6.580334066011304
2022-04-12,39489,13585,1.5523310288941223,-1.5605447184394554,3.112875747333578,3.112875747333578
2022-04-13,40102,13373,2.608348710787492,2.0489045090854705,0.5594442017020214,0.5594442017020214
2022-04-14,41148,13647,-3.492271799358414,-2.403458635597567,-1.0888131637608467,1.0888131637608467
2022-04-18,39711,13319,2.7574223766714514,-0.05255649823560327,2.809978874907055,2.809978874907055
2022-04-19,40806,13312,1.717884624810077,2.6517427884615383,-0.9338581636514613,0.9338581636514613
2022-04-20,41507,13665,-0.3156094152793505,-0.3000365898280278,-0.015572825451322714,0.015572825451322714
2022-04-21,41376,13624,-2.083333333333333,-3.3396946564885495,1.2563613231552164,1.2563613231552164
2022-04-22,40514,13169,-2.5867601322999456,-3.189308223859063,0.6025480915591173,0.6025480915591173
2022-04-25,39466,12749,2.5515633710028887,1.3255941642481763,1.2259692067547123,1.2259692067547123
2022-04-26,40473,12918,-5.826106293084279,-3.228053878309336,-2.598052414774943,2.598052414774943
2022-04-27,38115,12501,2.975206611570248,1.6958643308535317,1.279342280716716,1.279342280716716
2022-04-28,39249,12713,1.3274223547096742,-0.023597891921654998,1.3510202466313292,1.3510202466313292
2022-04-29,39770,12710,-3.2562232838823237,-2.974036191974823,-0.2821870919075007,0.2821870919075007
2022-05-02,38475,12332,0.09356725146198831,1.4515082711644502,-1.357941019702462,1.357941019702462
2022-05-03,38511,12511,-2.0357819843681026,0.5115498361441931,-2.5473318205122957,2.5473318205122957
2022-05-04,37727,12575,5.163410819837252,1.6938369781312128,3.4695738417060396,3.4695738417060396
2022-05-05,39675,12788,-7.876496534341524,-4.230528620581795,-3.645967913759729,3.645967913759729
2022-05-06,36550,12247,-6.7523939808481535,-2.6455458479627665,-4.106848132885387,4.106848132885387
2022-05-09,34082,11923,-11.460595035502612,-0.19290447035142164,-11.26769056515119,11.26769056515119
2022-05-10,30176,11900,2.7439024390243905,-2.134453781512605,4.878356220536995,4.878356220536995
2022-05-11,31004,11646,-6.763643400851503,-3.838227717671303,-2.9254156831802,2.9254156831802
2022-05-12,28907,11199,0.08302487286816343,3.1877846236271092,-3.1047597507589457,3.1047597507589457
2022-05-13,28931,11556,8.108948878365767,1.4797507788161994,6.629198099549568,6.629198099549568
2022-05-16,31277,11727,-4.613613837644275,1.526392086637674,-6.140005924281949,6.140005924281949
2022-05-17,29834,11906,1.9206274720117984,-0.9658995464471696,2.8865270184589678,2.8865270184589678
2022-05-18,30407,11791,-5.676324530535732,-3.6214061572385723,-2.0549183732971597,2.0549183732971597
2022-05-19,28681,11364,5.609985704822008,1.5751495952129533,4.034836109609055,4.034836109609055
2022-05-20,30290,11543,-0.036315615714757346,-1.2734990903577925,1.2371834746430352,1.2371834746430352
2022-05-23,30279,11396,-3.9796558671026125,-0.6142506142506142,-3.3654052528519984,3.3654052528519984
2022-05-24,29074,11326,1.9295590562014169,-0.8917534875507681,2.821312543752185,2.821312543752185
2022-05-25,29635,11225,-0.391429053484056,1.6481069042316259,-2.0395359577156817,2.0395359577156817
2022-05-26,29519,11410,-1.1009858057522275,4.031551270815075,-5.132537076567302,5.132537076567302
2022-05-27,29194,11870,8.638761389326573,2.2577927548441448,6.380968634482429,6.380968634482429
2022-05-31,31716,12138,0.18917896329928113,0.3213049925852694,-0.13212602928598827,0.13212602928598827
2022-06-01,31776,12177,-6.278323262839878,-1.8970189701897018,-4.381304292650176,4.381304292650176
2022-06-02,29781,11946,2.179241798462107,1.264021429767286,0.9152203686948208,0.9152203686948208
2022-06-03,30430,12097,-1.7384160368057837,0.8514507729189056,-2.5898668097246893,2.5898668097246893
2022-06-06,29901,12200,4.8459917728504065,-2.2459016393442623,7.091893412194668,7.091893412194668
2022-06-07,31350,11926,-0.7400318979266348,1.8530940801609928,-2.5931259780876275,2.5931259780876275
2022-06-08,31118,12147,-2.9854103734173147,-1.0784555857413354,-1.9069547876759794,1.9069547876759794
2022-06-09,30189,12016,-0.35112126933651333,-3.9280958721704398,3.5769746028339267,3.5769746028339267
2022-06-10,30083,11544,-11.601236578798657,-4.825017325017325,-6.776219253781332,6.776219253781332
2022-06-13,26593,10987,-15.650735155868087,-0.8191499044325111,-14.831585251435577,14.831585251435577
2022-06-14,22431,10897,-1.0788640720431546,0.6515554739836653,-1.73041954602682,1.73041954602682
2022-06-15,22189,10968,1.631439001306954,-1.477024070021882,3.1084630713288357,3.1084630713288357
2022-06-16,22551,10806,-9.760099330406634,-0.9994447529150472,-8.760654577491586,8.760654577491586
2022-06-17,20350,10698,1.1400491400491402,2.579921480650589,-1.4398723406014486,1.4398723406014486
2022-06-21,20582,10974,0.592750947429793,-0.29159832330964097,0.8843492707394339,0.8843492707394339
