Timestamp,Bprice,Bvolume,Nprice,Nvolume
2019-06-26,11766,188227336,7933.919922,2104750000
2019-06-27,12933,521683548,7939.359863,2023120000
2019-06-28,11133,423175771,7988.759766,4078990000
2019-06-29,12374,251088678,8145.850098,2208900000
2019-06-30,11890,184877336,8086.649902,1946320000
2019-07-01,10738,172764922,8129.569824,1548190000
2019-07-02,10579,171482109,8123.279785,149410000
2019-07-03,10805,240430091,8112.910156,177320000
2019-07-04,11985,273546634,8061.410156,1866770000
2019-07-05,11160,130466909,8183.189941,2060510000
2019-07-06,10955,124193829,8219.280273,1966970000
2019-07-07,11232,85554898,8209.200195,1824870000
2019-07-08,11477,67612787,8263.179688,1783980000
2019-07-09,12313,277905477,8251.660156,1933960000
2019-07-10,12587,364111379,8224,1846960000
2019-07-11,12100,507237488,8151.759766,2016310000
2019-07-12,11353,400745299,8241.339844,1878730000
2019-07-13,11804,223317774,8171.990234,1845770000
2019-07-14,11389,237143043,8242.5,1832220000
2019-07-15,10187,163504273,8227.360352,1947550000
2019-07-16,10874,334140372,8294.679688,2023130000
2019-07-17,9398,413796084,8294.299805,1954350000
2019-07-18,9674,350207291,8325.099609,1874780000
2019-07-19,10639,400333481,8231.769531,1884300000
2019-07-20,10536,266367992,8290.799805,2667060000
2019-07-21,10765,231375271,8190.560059,2792650000
2019-07-22,10587,149533508,8056.419922,2252550000
2019-07-23,10324,207597158,7823.330078,2636740000
2019-07-24,9844,198778567,7804.509766,2201610000
2019-07-25,9772,207985687,7747.27002,2453230000
2019-07-26,9875,132194259,7921.589844,2415670000
2019-07-27,9849,122793165,7997.189941,2224330000
2019-07-28,9474,196200933,7907.490234,2056360000
2019-07-29,9530,93425735,7852.370117,2346980000
2019-07-30,9501,110257994,7877.330078,2522870000
2019-07-31,9589,115667922,7790.200195,2182590000
2019-08-01,10085,171671949,7828.350098,1995130000
2019-08-02,10407,173753011,8006.180176,1934980000
2019-08-03,10530,194052552,7989.359863,1747580000
2019-08-04,10815,142750702,8017.069824,1716370000
2019-08-05,10980,165486450,8038.790039,1777630000
2019-08-06,11788,360876819,7943.649902,2207070000
2019-08-07,11466,385189642,7829.580078,1688860000
2019-08-08,11961,364388175,7908.779785,1913760000
2019-08-09,11996,211151931,7798.350098,1656930000
2019-08-10,11857,180122399,7945.779785,1700840000
2019-08-11,11282,185394290,8015.160156,1665840000
2019-08-12,11567,104661395,7906.439941,1936210000
2019-08-13,11386,84492312,7949.810059,1891300000
2019-08-14,10858,193935253,8061.290039,2096300000
2019-08-15,10017,280655886,8125.580078,1876380000
2019-08-16,10302,339458150,8130.910156,2172240000
2019-08-17,10359,242929697,8049.97998,2362860000
2019-08-18,10215,91003712,8091.680176,2310440000
2019-08-19,10318,77572050,8206.580078,2159260000
2019-08-20,10917,171807868,8190.569824,1976770000
2019-08-21,10761,122315070,8121.640137,1869220000
2019-08-22,10129,236246173,8148.649902,1850340000
2019-08-23,10112,141841654,8174.620117,2034880000
2019-08-24,10406,122936633,8193.589844,1792700000
2019-08-25,10144,117754911,8184.879883,3359380000
2019-08-26,10135,102865893,8106.490234,1780160000
2019-08-27,10360,189624308,8147.22998,2302600000
2019-08-28,10172,102638637,7990.660156,2015270000
2019-08-29,9718,203978694,8070.120117,1832800000
2019-08-30,9485,157535720,8047.109863,2037720000
2019-08-31,9578,112305189,7964.089844,1805820000
2019-09-01,9601,40437359,8026.830078,2243650000
2019-09-02,9770,45179221,7851.129883,2495160000
2019-09-03,10387,153032807,7787.02002,2141490000
2019-09-04,10621,228788747,7908.439941,1736890000
2019-09-05,10584,196753396,7956.410156,1739450000
2019-09-06,10578,90967493,7898.27002,1933580000
2019-09-07,10317,210268388,7895.959961,1553900000
2019-09-08,10487,65192692,7904.560059,1778740000
2019-09-09,10406,63124156,8047.339844,2176080000
2019-09-10,10314,133582937,8044.350098,1419730000
2019-09-11,10101,109189912,8074.850098,1836650000
2019-09-12,10159,122176795,8119.810059,1886720000
2019-09-13,10420,114864654,8176.910156,1861570000
2019-09-14,10364,95214497,8149.850098,2012930000
2019-09-15,10361,55063941,8137.419922,1752860000
2019-09-16,10310,40801052,8188.120117,1847200000
2019-09-17,10266,107174306,8090.240234,1805030000
2019-09-18,10190,91392244,8180.040039,1882490000
2019-09-19,10158,90728914,8150.589844,1894740000
2019-09-20,10276,157389488,8285.769531,1956280000
2019-09-21,10173,89963558,8313.349609,1834530000
2019-09-22,9979,69869004,8284.280273,1928420000
2019-09-23,10033,59501806,8314.379883,2258270000
2019-09-24,9683,120001577,8335.049805,2057310000
2019-09-25,8554,491431838,8445.5,2149910000
2019-09-26,8432,269030045,8446.620117,2316710000
2019-09-27,8056,286339496,8426.570313,2332650000
2019-09-28,8194,167290268,8455.110352,2393950000
2019-09-29,8225,99366390,8422.669922,1974190000
2019-09-30,8057,92992827,8431.259766,1715470000
2019-10-01,8308,173526590,8471.070313,1987820000
2019-10-02,8323,170270297,8455.019531,2173320000
2019-10-03,8382,91246611,8461.05957,2106550000
2019-10-04,8236,116784278,8524.480469,2188210000
2019-10-05,8155,92819801,8529.160156,2047240000
2019-10-06,8148,56545050,8578.019531,2075000000
2019-10-07,7870,100404346,8543.570313,2596030000
2019-10-08,8212,144876046,8527.870117,2056230000
2019-10-09,8190,68942273,8530.540039,1877090000
2019-10-10,8588,174962381,8559.650391,2256070000
2019-10-11,8587,113137560,8635.400391,2434570000
2019-10-12,8270,138474727,8669.589844,1744580000
2019-10-13,8308,30579542,8682.009766,1099090000
2019-10-14,8284,65962338,8672.839844,2225940000
2019-10-15,8354,61644447,8460.719727,2308600000
2019-10-16,8162,86738050,8557.450195,2150680000
2019-10-17,8003,117969721,8587.929688,2123380000
2019-10-18,8077,79993883,8634.25,2053530000
2019-10-19,7954,94710382,8650.860352,2088520000
2019-10-20,7960,53229504,8623.55957,2053390000
2019-10-21,8231,90340987,8631.120117,1937850000
2019-10-22,8223,78014941,8645.360352,2388270000
2019-10-23,8027,89353652,8713.910156,2188720000
2019-10-24,7470,221341214,8791.30957,2346290000
2019-10-25,7432,75975961,8829.469727,2374120000
2019-10-26,8667,333681035,8834.650391,2727870000
2019-10-27,9260,657396445,8838.969727,2415950000
2019-10-28,9552,290708093,8911.839844,3825460000
2019-10-29,9219,233830897,8950.200195,2025450000
2019-10-30,9433,169991137,8955.009766,1014520000
2019-10-31,9165,145730105,8970.209961,1634920000
2019-11-01,9148,160663137,9049.469727,1832200000
2019-11-02,9253,107433321,9004.450195,2042420000
2019-11-03,9301,53740265,8918.740234,2182800000
2019-11-03,9206,47020646,9039.459961,2848370000
2019-11-04,9418,103857829,8976.429688,2567400000
2019-11-05,9310,97692941,8943.5,2788120000
2019-11-06,9343,78710165,9076.639648,2352850000
2019-11-07,9204,73169474,9068.030273,2464090000
2019-11-08,8766,159478900,9202.269531,2534700000
2019-11-09,8809,40216983,9232.950195,2378990000
2019-11-10,9037,58075877,9213.719727,2530270000
2019-11-11,8718,99417731,9270.610352,2542170000
2019-11-12,8802,84092098,9253.759766,2435650000
2019-11-13,8762,53278230,9313.450195,2301400000
2019-11-14,8632,62094350,9392.370117,2522670000
2019-11-15,8458,102346507,9361.070313,2684540000
2019-11-16,8483,27218439,9413.610352,2449390000
2019-11-17,8504,42762607,9377.719727,2460050000
2019-11-18,8176,98039359,9446.209961,2611710000
2019-11-19,8121,80797818,9092.459961,2583330000
2019-11-20,8082,62317221,9201.820313,2157830000
2019-11-21,7617,152565570,9318.259766,2223480000
2019-11-22,7286,283120966,9211.150391,2333500000
2019-11-23,7324,74562141,9324.330078,2685840000
2019-11-24,6907,88831996,9190.719727,2420510000
2019-11-25,7130,250687896,9398.389648,2445420000
2019-11-26,7164,108471399,9574.099609,2462470000
2019-11-27,7524,220499983,9540.980469,2267300000
2019-11-28,7431,99775071,9526.639648,2238670000
2019-11-29,7757,117995230,9493.629883,2179310000
2019-11-30,7558,78337204,9680.889648,2423670000
2019-12-01,7403,88571039,9688.599609,2355000000
2019-12-02,7310,71586470,9657.040039,2239270000
2019-12-03,7297,50091305,9728.900391,2222240000
2019-12-04,7193,142535673,9679.040039,2273460000
2019-12-05,7396,85470714,9782.80957,2462530000
2019-12-06,7547,77922850,9799.200195,2735610000
2019-12-07,7505,34352534,9708.009766,2743010000
2019-12-08,7522,32114286,9188.44043,3177000000
2019-12-09,7337,108414489,9301.200195,3583400000
2019-12-10,7221,66161513,9011.549805,3567830000
2019-12-11,7202,53833378,8744.030273,4536080000
2019-12-12,7189,75073235,8269.740234,5301170000
2019-12-13,7252,52683168,8667.139648,4232760000
2019-12-14,7068,39393109,8965.099609,4336700000
2019-12-15,7111,35264357,8834.099609,3602870000
2019-12-16,6880,91191811,8790.089844,3748090000
2019-12-17,6612,106173720,8469.019531,4279850000
2019-12-18,7284,208624105,7957.930176,4530350000
2019-12-19,7151,92465911,8219.759766,4431930000
2019-12-20,7190,55147310,8136.25,4273890000
2019-12-21,7143,25368503,7398.580078,5066530000
2019-12-22,7514,72767893,7610.390137,4685890000
2019-12-23,7322,121983510,7392.72998,4594360000
2019-12-24,7251,76336714,7072,4900000000
2019-12-25,7193,39255636,6902.319824,4890820000
2019-12-26,7194,59760787,6996.450195,4762170000
2019-12-27,7244,71840951,7248.069824,5239940000
2019-12-28,7301,36039615,6847.279785,4330610000
2019-12-29,7385,46435451,7196.149902,4417380000
2019-12-30,7220,61748084,7421.359863,4666440000
2019-12-31,7168,47782091,7462.209961,3999850000
2020-01-01,7176,28600969,7554.25,3977010000
2020-01-02,6944,68282972,7583.459961,3846900000
2020-01-03,7326,136870285,7740.060059,4059700000
2020-01-04,7348,50181827,7459.5,3685510000
2020-01-05,7352,48177558,7317.450195,3608190000
2020-01-06,7759,114010548,7477.27002,3279100000
2020-01-07,8165,210649284,7660.169922,3849100000
2020-01-08,8043,224003807,8129.990234,4069410000
2020-01-09,7818,108323770,7975.720215,3470730000
2020-01-10,8185,153599795,8169.009766,4123670000
2020-01-11,8021,75103205,8127.689941,3146860000
2020-01-12,8174,39375158,8353.209961,3732820000
2020-01-13,8105,68769719,8355.959961,3333750000
2020-01-14,8842,322001234,8479.110352,3995870000
2020-01-15,8814,162415226,8667.480469,4335020000
2020-01-16,8722,113463580,8553.379883,3796950000
2020-01-17,8900,172392199,8460.69043,3756290000
2020-01-18,8911,73102475,8434.549805,3025060000
2020-01-19,8703,171406583,8528.839844,3734720000
2020-01-20,8626,78615695,8530.080078,3673170000
2020-01-21,8722,80118406,8717.980469,3678460000
2020-01-22,8659,62159413,8825.69043,3707540000
2020-01-23,8388,140040084,8802.700195,4378540000
2020-01-24,8428,103625699,8911.019531,4316380000
2020-01-25,8327,49103694,8681.290039,3722520000
2020-01-26,8588,90541443,8555.320313,3422150000
2020-01-27,8896,157722446,8809.660156,3913360000
2020-01-28,9386,187574423,8874.700195,3620030000
2020-01-29,9280,132156744,8973.780273,3762070000
2020-01-30,9502,175049334,9056.889648,3777340000
2020-01-31,9334,106765635,9054.910156,3898690000
2020-02-01,9378,36660829,9225.150391,4315070000
2020-02-02,9315,66403964,9006.049805,4244110000
2020-02-03,9285,108746959,8788.040039,3945080000
2020-02-04,9162,90649389,8839.990234,4221500000
2020-02-05,9615,163509451,9177.150391,4318310000
2020-02-06,9756,152115909,9227.459961,4144770000
2020-02-07,9808,87939405,9305.620117,4292470000
2020-02-08,9907,75572304,9375.19043,3725950000
2020-02-09,10162,107419113,9278.549805,3641830000
2020-02-10,9855,155424328,9501.209961,4432310000
2020-02-11,10275,190105216,9346.120117,4462450000
2020-02-12,10354,161983394,9392.990234,4064220000
2020-02-13,10242,198094127,9382.349609,4710060000
2020-02-14,10369,122708338,9471.419922,3824770000
2020-02-15,9904,113915188,9566.530273,3962460000
2020-02-16,9938,85454124,9651.860352,4638380000
2020-02-17,9704,119040244,9649.650391,6074320000
2020-02-18,10181,138390971,9703.540039,6572850000
2020-02-19,9605,186474102,9823.44043,6143120000
2020-02-20,9607,128769391,9867.19043,5281860000
2020-02-21,9697,79370095,10012.320313,5128400000
2020-02-22,9670,34324866,9791.240234,5271000000
2020-02-23,9989,64282324,9715.870117,4366190000
2020-02-24,9664,116289799,9426.900391,4440650000
2020-02-25,9309,114160527,9949.780273,4639860000
2020-02-26,8786,206929921,9943.30957,4249680000
2020-02-27,8805,147977055,9892.480469,4294740000
2020-02-28,8712,123840828,10042.129883,6068130000
2020-02-29,8531,42866205,9945.490234,4468000000
2020-03-01,8534,70749037,10130.830078,5712450000
2020-03-02,8913,111268001,10092.919922,5549440000
2020-03-03,8754,85149526,9899.360352,4709620000
2020-03-04,8759,70042033,9995.120117,7279230000
2020-03-05,9067,122314467,9771.719727,4306120000
2020-03-06,9156,83522226,9875.290039,4474000000
2020-03-07,8899,59230883,10063.669922,4595970000
2020-03-09,8039,149933311,10268.669922,4017530000
2020-03-10,7932,223121982,10360.379883,4529480000
2020-03-11,7885,155835851,10412.459961,4314110000
2020-03-12,7937,130840913,10409.349609,3999180000
2020-03-13,4830,574694715,10563.719727,3992920000
2020-03-14,5609,684475989,10545.910156,3509810000
2020-03-15,5166,158994390,10729.919922,4822050000
2020-03-16,5348,201009886,10310.25,4419480000
2020-03-17,5026,379747428,10576.719727,4610540000
2020-03-18,5358,222784693,10443.870117,4237290000
2020-03-19,5410,246280973,10500.519531,4334280000
2020-03-20,6195,343510892,10526.019531,4274340000
2020-03-21,6226,382708757,10837.879883,5311750000
2020-03-22,6190,161732857,10687.580078,4074020000
2020-03-23,5823,155141963,10689.5,4469470000
2020-03-24,6502,284307011,10294.410156,4205330000
2020-03-25,6768,284016941,10421.700195,4209900000
2020-03-26,6698,226038997,10509.200195,3869230000
2020-03-27,6764,97401179,10474.700195,3970900000
2020-03-28,6369,148443298,10450.120117,4135200000
2020-03-29,6261,142726745,10741.469727,4418390000
2020-03-30,5885,103365162,10848.639648,4173600000
2020-03-31,6405,186301831,10897.889648,3973570000
2020-04-01,6428,89947515,10967.870117,4119550000
2020-04-02,6653,168238043,10989.980469,4086290000
2020-04-03,6809,279129047,11072.530273,4230720000
2020-04-04,6742,165881487,11033.730469,4018530000
2020-04-05,6872,95099723,10942.660156,4303980000
2020-04-06,6777,61737463,10878.120117,3716840000
2020-04-07,7343,215734110,11026.860352,3444140000
2020-04-08,7206,180411336,11042.240234,3491320000
2020-04-09,7365,143615581,11083.25,3193160000
2020-04-10,7294,118207886,11170.75,3199470000
2020-04-11,6873,170978168,11214.799805,3467890000
2020-04-12,6892,59502005,11096.400391,4170980000
2020-04-13,6915,112654904,11258.44043,3905670000
2020-04-14,6858,170118315,11449.25,3885880000
2020-04-15,6872,107004164,11370.230469,3454500000
2020-04-16,6624,112529486,11516.620117,3441550000
2020-04-17,7112,256066115,11688.19043,3535800000
2020-04-18,7035,114895301,11689.280273,2997810000
2020-04-19,7259,80410551,11718.80957,3596980000
2020-04-20,7130,64645648,11850.959961,3480780000
2020-04-21,6840,151878158,12047.259766,3966140000
2020-04-22,6853,90394538,11861.900391,4437500000
2020-04-23,7131,102205556,11396.240234,4269190000
2020-04-24,7478,202186228,10900.700195,3872230000
2020-04-25,7507,130187406,11064.759766,3531780000
2020-04-26,7550,50386100,11235.530273,3814100000
2020-04-27,7699,82965486,11010.070313,3609190000
2020-04-28,7791,118631652,11010.139648,3716820000
2020-04-29,7765,102426644,11193.959961,3772820000
2020-04-30,8778,471328360,11222.080078,3661710000
2020-05-01,8629,479861000,10796.049805,3726750000
2020-05-02,8825,209464777,10973.450195,5745690000
2020-05-03,8974,111964109,10610.139648,3885200000
2020-05-04,8904,175862718,10873.299805,3492020000
2020-05-05,8886,186639007,10950.820313,4074600000
2020-05-06,9031,182897440,10551.019531,4080730000
2020-05-07,9171,286155702,10680.459961,3767230000
2020-05-08,10002,500733651,11084.379883,3562900000
2020-05-09,9822,336643472,11109,3363870000
2020-05-10,9527,206048387,11092.900391,4228200000
2020-05-11,8754,536864808,11291.990234,3978100000
2020-05-12,8617,524377414,11082.530273,3715090000
2020-05-13,8815,217646788,11169.110352,3597940000
2020-05-14,9306,235919564,11314.530273,4360550000
2020-05-15,9790,332519068,11271.679688,3891460000
2020-05-16,9304,303595865,11443.349609,3486530000
2020-05-17,9386,116707144,11487.599609,3475620000
2020-05-18,9669,176082868,11732.330078,3862990000
2020-05-19,9719,230169747,11901.759766,3607730000
2020-05-20,9786,228306109,11889.070313,3393010000
2020-05-21,9511,231513104,11559.879883,3304490000
2020-05-22,9058,302921371,11761.830078,3156270000
2020-05-23,9167,137706363,11732.339844,3455430000
2020-05-24,9178,69573042,11531.830078,3483200000
2020-05-25,8731,151515271,11530.389648,3445520000
2020-05-26,8900,151521072,11526.969727,3414590000
2020-05-27,8843,120113139,11536.009766,3134240000
2020-05-28,9198,148428061,11440.639648,3186950000
2020-05-29,9569,193513828,11409.339844,3079530000
2020-05-30,9426,144086661,11230.900391,3912580000
2020-05-31,9698,132752539,11064.469727,3222460000
2020-06-01,9451,99233158,11103.469727,3662840000
2020-06-02,10204,280975718,11010.450195,3196720000
2020-06-03,9526,429398121,11038.660156,3190710000
2020-06-04,9658,128440439,11443.769531,3606820000
2020-06-05,9795,183077761,11816.330078,3823380000
2020-06-06,9624,139993515,11869.900391,4156030000
2020-06-07,9670,74040584,12046.660156,5823620000
2020-06-08,9754,129391453,11622.44043,4712950000
2020-06-09,9783,111353755,11656.650391,3823270000
2020-06-10,9775,153220784,11802.5,3862690000
2020-06-11,9892,158586968,11794.94043,3640680000
2020-06-12,9286,321867039,11847.110352,4138920000
2020-06-13,9460,132333534,11913.349609,4122770000
2020-06-14,9474,51803751,11896.05957,4699160000
2020-06-15,9330,63632384,11779.040039,5322580000
2020-06-16,9427,244968165,11892.700195,5319340000
2020-06-17,9526,138860026,11916.759766,5360830000
2020-06-18,9455,124106956,11939.330078,6277790000
2020-06-19,9380,74041736,12053.889648,4425030000
2020-06-20,9300,109732842,12159.179688,3401890000
2020-06-21,9357,57461732,12224.25,7693430000
2020-06-22,9285,36882860,12313.360352,6467180000
2020-06-23,9692,134494787,12285.75,5150820000
2020-06-24,9621,102289235,12369.259766,5182100000
2020-06-25,9277,178365906,12399.320313,5044210000
2020-06-26,9241,166531114,12461,4741690000
2020-06-27,9154,141780368,12503.169922,4758170000
2020-06-28,9004,92221684,12591.69043,5131720000
2020-06-29,9127,59501521,12247.549805,4470060000
2020-06-30,9185,100083941,12336.790039,4268140000
2020-07-01,9134,63158023,12447.44043,4458140000
2020-07-02,9236,98873139,12543.259766,4377950000
2020-07-03,9088,107207538,12611.040039,4561600000
2020-07-04,9072,57803291,12730.780273,4994090000
2020-07-05,9131,38839662,12804.929688,7088670000
2020-07-06,9089,50720849,12596.139648,5156470000
2020-07-07,9349,113743420,12785.219727,5700760000
2020-07-08,9256,95242534,12834.94043,7028650000
2020-07-09,9440,121129125,12791.540039,3305950000
2020-07-10,9238,98869846,12914.639648,5076340000
2020-07-11,9287,79818145,12965.389648,4680780000
2020-07-12,9236,30014746,12906.509766,5292210000
2020-07-13,9296,42610639,12877.089844,4771390000
2020-07-14,9238,78223034,12958.519531,6546740000
2020-07-15,9255,88249715,12665.650391,6904420000
2020-07-16,9194,83393686,12666.150391,7648340000
2020-07-17,9131,88531437,12867.339844,6777010000
2020-07-18,9154,71682526,13160.219727,7223660000
2020-07-19,9175,29934693,13048.780273,6876420000
2020-07-20,9215,32799398,13062.05957,7181380000
2020-07-21,9164,59994849,13088.009766,7072920000
2020-07-22,9393,114760459,13174.75,6671090000
2020-07-23,9537,103269918,13099.900391,6402970000
2020-07-24,9613,168395155,13132.730469,6229100000
2020-07-25,9551,128787740,13342.549805,6771630000
2020-07-26,9708,83145126,13521.480469,7183390000
2020-07-27,9939,169823596,13474.80957,5931240000
2020-07-28,11042,569642412,13681.209961,7139410000
2020-07-29,10935,352662969,13681.719727,6781460000
2020-07-30,11103,253835681,13486.580078,11102160000
2020-07-31,11115,201165672,13323.290039,9823150000
2020-08-01,11344,222815243,13284.719727,7809670000
2020-08-02,11824,240815459,13226.179688,7014220000
2020-08-03,11078,289592848,13543.099609,7240220000
2020-08-04,11243,159671026,13718.30957,7465240000
2020-08-05,11194,122455804,13674.05957,7218680000
2020-08-06,11750,182136390,13824.879883,6697720000
2020-08-07,11773,203809370,13937.05957,8439940000
2020-08-08,11606,215793134,13966.820313,8658980000
2020-08-09,11768,86008565,14093.349609,10165550000
2020-08-10,11684,59683347,14045.209961,10000200000
2020-08-11,11893,218397181,13979.209961,7352960000
2020-08-12,11392,249861737,14152.209961,7646300000
2020-08-13,11573,141688776,13911.650391,7227140000
2020-08-14,11777,161732026,13814.669922,6454280000
2020-08-15,11774,131449767,13929.200195,6686060000
2020-08-16,11874,101333020,13714.200195,6435100000
2020-08-17,11914,63773670,13262.610352,7482840000
2020-08-18,12294,253521340,13400.25,5793430000
2020-08-19,11970,217771115,13512.639648,6335240000
2020-08-20,11734,208815096,13232.900391,5883880000
2020-08-21,11866,96746302,13406.160156,5047710000
2020-08-22,11523,153928937,13599.450195,4920320000
2020-08-23,11683,85029155,13336.25,5493960000
2020-08-24,11653,39027595,12953.990234,7799710000
2020-08-25,11764,75749357,12860.040039,7696900000
2020-08-26,11337,168869326,12904.259766,5971260000
2020-08-27,11467,104337127,12923.070313,6294910000
2020-08-28,11302,152064702,13234.730469,5991730000
2020-08-29,11535,125753229,13273.30957,5956260000
2020-08-30,11482,48056175,13222.80957,5472340000
2020-08-31,11708,54121906,13323.469727,5933440000
2020-09-01,11660,102290923,13523.169922,5463770000
2020-09-02,11923,176627449,13336.910156,5465500000
2020-09-03,11397,265432701,13349.200195,5699900000
2020-09-04,10188,361418115,13119.900391,7591530000
2020-09-05,10468,310980390,13278.780273,5302770000
2020-09-06,10160,222072428,13381.429688,5607860000
2020-09-07,10255,89153593,13289.240234,6184470000
2020-09-08,10368,153205856,12844.580078,5608640000
2020-09-09,10122,194156867,12996.030273,5195330000
2020-09-10,10228,113383269,13103.969727,4934000000
2020-09-11,10353,147055601,13008.799805,4685320000
2020-09-12,10395,101653161,13122.570313,4980670000
2020-09-13,10446,57857608,13414.320313,4553470000
2020-09-14,10331,81937986,13594.900391,4439970000
2020-09-15,10675,143525659,13681.669922,4038510000
2020-09-16,10786,135273030,13675.299805,4078990000
2020-09-17,10948,154480377,13796.889648,4133640000
2020-09-18,10944,117116914,13787.019531,3906460000
2020-09-19,10932,88269394,13854.44043,4230160000
2020-09-20,11081,54811966,13902.450195,4200290000
2020-09-21,10920,69233311,14004.080078,4102380000
2020-09-22,10430,193630538,13983.230469,4382620000
2020-09-23,10532,99403514,14059.110352,4414640000
2020-09-24,10234,124490884,13984.580078,4349340000
2020-09-25,10732,124807106,13894.459961,4229410000
2020-09-26,10693,129716553,13745.769531,3967090000
2020-09-27,10732,48519034,13952.570313,4397030000
2020-09-28,10774,50063045,13861.370117,4332500000
2020-09-29,10692,109557462,14052.379883,4479480000
2020-09-30,10841,89865245,14170.910156,4665430000
2020-10-01,10778,89894643,14082.780273,4532050000
2020-10-02,10619,183013787,14204.509766,4854340000
2020-10-03,10575,150343725,13970.730469,4762770000
2020-10-04,10552,31477196,14031.769531,4718850000
2020-10-05,10673,31512003,13774.509766,5852850000
2020-10-06,10789,78412225,13731.129883,4517100000
2020-10-07,10604,103826838,13557.830078,5000710000
2020-10-08,10671,102699834,13723.089844,4376800000
2020-10-09,10923,142856447,13687.589844,4795690000
2020-10-10,11063,120551931,13115.849609,4719720000
2020-10-11,11303,97927463,13215.490234,4730740000
2020-10-12,11377,60215828,13150.94043,4681530000
2020-10-13,11540,166313556,13255.650391,4008110000
2020-10-14,11428,117568933,13368.799805,3980630000
2020-10-15,11431,93932071,13416.900391,4283680000
2020-10-16,11504,111854678,13078.19043,4314980000
2020-10-17,11328,109053462,13356.629883,3972730000
2020-10-18,11367,34142836,13616.19043,3704590000
2020-10-19,11508,29716244,13557.209961,3490650000
2020-10-20,11758,139587584,13721.540039,4084480000
2020-10-21,11925,167903083,13693.94043,4231140000
2020-10-22,12832,486931526,13742.589844,5057550000
2020-10-23,12990,234841377,13792.049805,4435220000
2020-10-24,12945,151273932,13829.05957,4155670000
2020-10-25,13128,69928611,13743.240234,5059810000
2020-10-26,13037,111062981,13655.75,5367460000
2020-10-27,13076,176006371,13697.25,4341800000
2020-10-28,13651,325461283,13802.820313,4602940000
2020-10-29,13289,310741338,13946.320313,5894140000
2020-10-30,13459,228409072,13980.230469,5607720000
2020-10-31,13565,265607934,13933.879883,4889500000
2020-11-01,13810,194274881,14030.849609,4140190000
2020-11-01,13759,81876481,14083.469727,4394380000
2020-11-02,13575,202098850,14166.639648,4517770000
2020-11-03,14023,213888432,14085.549805,4632480000
2020-11-04,14156,303936796,13999.129883,4526780000
2020-11-05,15591,575483038,14096.929688,6105960000
2020-11-06,15596,418654253,14047.419922,4523120000
2020-11-07,14840,320513832,14138.290039,4405260000
2020-11-08,15491,168415197,14263.379883,4394600000
2020-11-09,15329,392305674,14357.269531,4297280000
2020-11-10,15317,230269180,14400.80957,7436800000
2020-11-11,15709,298105722,14417.80957,4235620000
2020-11-12,16296,478495947,14509.19043,4842860000
2020-11-13,16339,264263990,14509.849609,5264790000
2020-11-14,16091,163501040,14493.69043,4371620000
2020-11-15,15968,97292562,14582.980469,3731730000
2020-11-16,16725,293272996,14661.549805,4464780000
2020-11-17,17680,424743958,14753.410156,4582030000
2020-11-18,17798,633847835,14409.200195,4550600000
2020-11-19,17821,358043942,14578.429688,3809040000
2020-11-20,18687,374130037,14743.860352,3864500000
2020-11-21,18700,256287554,14715.129883,4553380000
2020-11-22,18422,276025443,14780.900391,4461730000
2020-11-23,18399,344268445,14635.780273,4493540000
2020-11-24,19173,523228041,14597.509766,4048940000
2020-11-25,18740,357330319,14235.980469,4507040000
2020-11-26,17151,867494794,14330.459961,4618980000
2020-11-27,17139,334361872,14508.75,4075150000
2020-11-28,17732,203020072,14652.719727,3574560000
2020-11-29,18192,192293944,14753.05957,3959410000
2020-11-30,19710,570429939,14821.030273,4409960000
2020-12-01,18793,586228903,14807.950195,4300000000
2020-12-02,19227,311500179,14715.660156,4235390000
2020-12-03,19455,269817739,14771.169922,3904590000
2020-12-04,18670,278793731,14615.849609,3628750000
2020-12-05,19155,114151707,14758.599609,3738200000
2020-12-06,19378,119935507,14713.990234,4117520000
2020-12-07,19181,176619930,14747.209961,4319400000
2020-12-08,18319,273878281,14794.080078,4087320000
2020-12-09,18554,377966775,14864.219727,4159050000
2020-12-10,18248,264270265,14855.759766,4095760000
2020-12-11,18029,291983141,14887.75,3978790000
2020-12-12,18803,175018095,14834.379883,3980530000
2020-12-13,19164,197236995,14751.360352,4020260000
2020-12-14,19277,156397143,14825.070313,4038130000
2020-12-15,19440,288887515,14771.530273,3953840000
2020-12-16,21379,712598806,14670.55957,4151190000
2020-12-17,22847,1177690832,14636.240234,3814120000
2020-12-18,23151,465956413,14423.160156,4172870000
2020-12-19,23870,428547893,14571.530273,3864780000
2020-12-20,23491,301633611,14776.980469,3893990000
2020-12-21,22745,647260163,14978.139648,3792870000
2020-12-22,23825,433884279,15039.030273,3629990000
2020-12-23,23253,583254746,15025.169922,3610970000
2020-12-24,23716,344759537,14969.769531,4006310000
2020-12-25,24694,375518728,15165.94043,4034110000
2020-12-26,26443,530655727,15262.879883,4170170000
2020-12-27,26247,822241572,15308.980469,4248030000
2020-12-28,27037,511058870,15358.469727,4018120000
2020-12-29,27376,584575020,15313.410156,3692170000
2020-12-30,28857,751041811,15375.980469,3967040000
2020-12-31,28983,606524119,15360.349609,4113530000
2021-01-01,29394,491258038,15296.05957,3997250000
2021-01-02,32195,1393906626,15332.919922,4567980000
2021-01-03,33001,975831415,15211.429688,4701190000
2021-01-04,32035,1432013253,15168.450195,4571950000
2021-01-05,34047,1026923832,15071.339844,4446270000
2021-01-06,36860,1414154053,15120.089844,3681700000
2021-01-07,39486,1836614179,15163.360352,6682650000
2021-01-08,40670,1794260807,14758.139648,4860630000
2021-01-09,40241,711474843,14803.360352,4056340000
2021-01-10,38240,1415450813,14800.589844,4229870000
2021-01-11,35545,3039065356,14960,4176520000
2021-01-12,34012,1344114135,14961.610352,3972140000
2021-01-13,37393,1209077692,14954.179688,4619450000
2021-01-14,39158,988940894,14787.209961,4954270000
2021-01-15,36829,1194986405,14614.879883,5246170000
2021-01-16,36065,685084802,14582.599609,5910550000
2021-01-17,35793,650030054,14494.929688,4688550000
2021-01-18,36632,590495166,14493.120117,4539650000
2021-01-19,36020,579558849,14312.860352,4143190000
2021-01-20,35539,913461957,14289.450195,4443760000
2021-01-21,30798,1473827004,14631.799805,3936210000
2021-01-22,33002,1271924926,14694.719727,3557630000
2021-01-23,32100,414697183,14540.080078,3522230000
2021-01-24,32277,362355621,14539.089844,4037030000
2021-01-25,32243,724029497,14537.169922,4032440000
2021-01-26,32542,782611741,14717.5,4240520000
2021-01-27,30419,1231838586,14891.240234,4473930000
2021-01-28,33403,1030518859,14839.740234,4142540000
2021-01-29,34314,2130003473,15073.129883,4443000000
2021-01-30,34318,559013708,15160,4086590000
2021-01-31,33136,358122291,15104.799805,4880390000
2021-02-01,33523,555827114,15158.070313,5719760000
2021-02-02,35530,598901450,15142.919922,5677320000
2021-02-03,37676,704292314,15317.5,7035470000
2021-02-04,37002,833075415,15276,6083210000
2021-02-05,38279,464369301,15304.740234,5660240000
2021-02-06,39323,815234883,15323.290039,5310370000
2021-02-07,38928,507510700,15541.259766,5239250000
2021-02-08,46364,1848583587,15583.980469,5118540000
2021-02-09,46590,1278680840,15658.519531,5274520000
2021-02-10,44878,854939012,15849.740234,5252570000
2021-02-11,48013,990292287,16003.55957,5534130000
2021-02-12,47471,689712445,15995.719727,5620280000
2021-02-13,47185,410208224,16024.129883,5531330000
2021-02-14,48720,517594005,15753.839844,5336480000
2021-02-15,47952,708415697,15752.080078,4520600000
2021-02-16,49160,899200171,15752.620117,5412870000
2021-02-17,52118,1071500775,15894.820313,4978040000
2021-02-18,51608,665321948,15840.320313,5441150000
2021-02-19,55917,1203321962,15973.620117,5024540000
2021-02-20,56001,737451802,15973.389648,5361690000
2021-02-21,57488,515842592,16042.160156,4849160000
2021-02-22,54123,1925933019,16120.919922,5531070000
2021-02-23,48880,2125994180,15809.5,5412610000
2021-02-24,50625,1058762335,15677.879883,4178630000
2021-02-25,46800,915917916,15664.379883,3502030000
2021-02-26,46340,1077018778,15719.419922,4800570000
2021-02-27,46156,399909228,15716.5,6609380000
2021-02-28,45114,724061273,15752.269531,6266020000
2021-03-01,49618,967845187,15181.820313,5390100000
2021-03-02,48356,645712709,15428.709961,5859520000
2021-03-03,50478,806146031,15117.629883,5095960000
2021-03-04,48449,781773550,15510.910156,5091220000
2021-03-05,48861,757198942,15690.650391,4600800000
2021-03-06,48882,314191308,15720.540039,4484230000
2021-03-07,51170,439137854,15629.589844,4395460000
2021-03-08,52299,593714546,15621.269531,4549170000
2021-03-09,54882,757075750,15215.959961,4802460000
2021-03-10,55997,1017432151,15230.709961,5318850000
2021-03-11,57764,867544808,15629.080078,4890470000
2021-03-12,57253,701008588,15036.769531,7616320000
2021-03-13,61259,988962162,14933,4576750000
2021-03-15,59133,461229239,15140.429688,4546230000
2021-03-16,55755,1029700471,15319.160156,4080900000
2021-03-17,56872,933139262,15544.790039,3918200000
2021-03-18,58913,870414832,15696.830078,3730120000
2021-03-19,57666,769968937,15895.200195,3623600000
2021-03-20,58075,512236901,15794.919922,3694500000
2021-03-21,58086,388273949,15758.980469,3732730000
2021-03-22,57411,493777972,15722.910156,3379850000
2021-03-23,54205,818803864,15732.5,4412130000
2021-03-24,54477,694554384,15852.139648,5109270000
2021-03-25,52508,930278334,15547.160156,5011990000
2021-03-26,51416,798490266,15024.150391,4774740000
2021-03-27,55074,654657558,15095.719727,4229270000
2021-03-28,55864,417333165,14751.780273,5303230000
2021-03-29,55784,354789416,14919.259766,4378660000
2021-03-30,57628,778905384,15263.099609,4321180000
2021-03-31,58730,505528991,15245.040039,4283070000
2021-04-01,58735,716750367,14708.019531,4345780000
2021-04-02,58737,384195844,14681.830078,5027990000
2021-04-03,59031,484719746,14582.219727,4639990000
2021-04-04,57076,350520423,14462.849609,5078450000
2021-04-05,58207,244447138,14046.219727,5845830000
2021-04-06,59054,401549573,13481.5,6982960000
2021-04-07,58020,389087526,13610.870117,4981070000
2021-04-08,55947,756167636,13871.769531,5734390000
2021-04-09,58049,475807458,13710.990234,5155970000
2021-04-10,58103,407439694,13436.709961,4955960000
2021-04-11,59774,689236660,13812.19043,5111460000
2021-04-12,59965,315279096,14277.429688,4650460000
2021-04-13,59835,533381831,14494.469727,4647630000
2021-04-14,63554,932699540,14045.830078,4306490000
2021-04-15,62969,1004822806,13958.480469,4104120000
2021-04-16,63253,480649145,14118.790039,4253020000
2021-04-17,61456,905029646,13984.429688,4277150000
2021-04-18,60087,444839749,14368.160156,4713210000
2021-04-19,56251,1795641744,14228.679688,5191050000
2021-04-20,55703,829117287,14213.620117,5222590000
2021-04-21,56508,971129684,13768.969727,4301470000
2021-04-22,53809,629420905,13997.179688,4393050000
2021-04-23,51732,1187405699,14038.919922,4224060000
2021-04-24,51153,1413848471,14004.19043,4259890000
2021-04-25,50111,458274327,13735.400391,4475010000
2021-04-26,49076,576635611,13424.360352,4830920000
2021-04-27,54057,848207063,13511.75,4614090000
2021-04-28,55071,509014490,12587.879883,6131410000
2021-04-29,54884,563311742,13485.259766,4614110000
2021-04-30,53584,579652973,13570.830078,5894130000
2021-05-01,57797,683907404,13716.700195,6094490000
2021-05-02,57858,337492055,13597.530273,5229480000
2021-05-03,56610,286521389,13837.589844,5058590000
2021-05-04,57213,571622385,13455.230469,5319630000
2021-05-05,53242,836868263,13328.360352,6163580000
2021-05-06,57473,775797223,12800.040039,6631820000
2021-05-07,56428,605987089,13113.700195,5377120000
2021-05-08,57380,622419281,13098.349609,5034030000
2021-05-09,58929,523002028,13229.769531,5250230000
2021-05-10,58281,534233808,12795.120117,5853360000
2021-05-11,55884,903456809,12685.230469,5414590000
2021-05-12,56750,546570033,13119.370117,6498110000
2021-05-13,49007,928999961,13360.719727,5575030000
2021-05-14,49702,1528100267,13564.629883,8109950000
2021-05-15,49923,573671659,13860.389648,5636000000
2021-05-16,46737,536658388,13866.429688,5400360000
2021-05-17,46442,795540649,13990.349609,4995470000
2021-05-18,43596,1365356635,14001.320313,5046250000
2021-05-19,42912,776420982,14194.719727,5553860000
2021-05-20,36964,3192479061,14177.209961,5086120000
2021-05-21,40784,1507671103,14500.389648,6031870000
2021-05-22,37280,1438210290,14558.589844,5439980000
2021-05-23,37528,666031628,14444.780273,5427030000
2021-05-24,34755,1106858419,14269.530273,4984050000
2021-05-25,38729,1032788865,14304.349609,4598480000
2021-05-26,38411,719154798,14490.259766,4707090000
2021-05-27,39266,676198904,14002.580078,5265740000
2021-05-28,38445,489470054,13861.490234,4822420000
2021-05-29,35690,694420431,13830.469727,4554890000
2021-05-30,34648,458364767,13547.290039,4916860000
2021-05-31,35685,329083646,13584.69043,4965220000
2021-06-01,37311,481997703,13373.120117,4887660000
2021-06-02,36663,465003629,13647.429688,4623410000
2021-06-03,37585,472220580,13319.389648,4350150000
2021-06-04,39189,439066611,13312.44043,4527480000
2021-06-05,36886,501492074,13665.379883,4639440000
2021-06-06,35530,437701949,13623.700195,5206320000
2021-06-07,35816,244244790,13168.799805,4457380000
2021-06-08,33515,468061636,12749.169922,4827790000
2021-06-09,33450,898174397,12918.040039,5136770000
2021-06-10,37338,839878615,12500.879883,4773290000
2021-06-11,36705,619830808,12712.860352,5030570000
2021-06-12,37313,418192316,12710.419922,4719290000
2021-06-13,35495,400987660,12331.69043,4896740000
2021-06-14,39067,496421300,12511.459961,4522940000
2021-06-15,40526,773480687,12574.730469,5467750000
2021-06-16,40189,563639731,12787.519531,5269260000
2021-06-17,38325,527484731,12246.830078,5311020000
2021-06-18,38068,473543196,11923.030273,5911380000
2021-06-19,35730,492347273,11900.339844,6199090000
2021-06-20,35524,344470416,11645.570313,6120860000
2021-06-21,35592,467990641,11199.25,6647400000
2021-06-22,31687,881732121,11555.969727,5868610000
2021-06-23,32448,1181870045,11727.139648,4898850000
2021-06-24,33675,567894517,11905.570313,5068930000
2021-06-25,34639,346763749,11790.679688,5043020000
2021-06-26,31641,487441486,11364.400391,5136920000
2021-06-27,32161,383763275,11542.669922,5413140000
2021-06-28,34644,356498319,11396.280273,4509640000
2021-06-29,34457,355900532,11326.44043,4706300000
2021-06-30,35848,385135142,11225.030273,4500920000
2021-07-01,35047,406967841,11409.839844,4651470000
2021-07-02,33537,324116506,11869.69043,4774530000
2021-07-03,33857,217066487,12137.540039,6028940000
2021-07-04,34689,169572916,12176.889648,4697810000
2021-07-05,35309,130884160,11945.570313,4422830000
2021-07-06,33748,262649989,12097.120117,4117290000
2021-07-07,34211,258109070,12200.330078,4633950000
2021-07-08,33839,205349507,11925.80957,4383960000
2021-07-09,32877,358897369,12147.280273,4689310000
2021-07-10,33819,195359783,12016.469727,5382110000
2021-07-11,33516,179503025,11543.879883,5125980000
2021-07-12,34228,135783786,10986.849609,5912360000
2021-07-13,33158,192174938,10897.429688,4802090000
2021-07-14,32687,196978690,10968.400391,5346110000
2021-07-15,32815,250745295,10806.019531,5667810000
2021-07-16,31739,242886860,10697.549805,7423600000
2021-07-17,31421,223188595,10974.049805,5201450000
2021-07-18,31521,153024609,10941.950195,5215100000
2021-07-19,31783,119375610,,
2021-07-20,30816,227653989,,
2021-07-21,29790,334239343,,
2021-07-22,32118,446695088,,
2021-07-23,32298,205069639,,
2021-07-24,33582,190920634,,
2021-07-25,34279,149062682,,
2021-07-26,35365,213671234,,
2021-07-27,37318,985237334,,
2021-07-28,39406,636929009,,
2021-07-29,40003,648707028,,
2021-07-30,40006,291830057,,
2021-07-31,42214,484267642,,
2021-08-01,41659,231216115,,
2021-08-02,40000,273365144,,
2021-08-03,39194,304362109,,
2021-08-04,38138,357077322,,
2021-08-05,39750,381430418,,
2021-08-06,40882,589529887,,
2021-08-07,42826,458571279,,
2021-08-08,44634,577948603,,
2021-08-09,43816,424351429,,
2021-08-10,46333,673221004,,
2021-08-11,45608,341739412,,
2021-08-12,45611,357102155,,
2021-08-13,44418,364203587,,
2021-08-14,47834,413817979,,
2021-08-15,47112,289525608,,
2021-08-16,47056,238769871,,
2021-08-17,45983,328414269,,
2021-08-18,44649,391450533,,
2021-08-19,44778,318619550,,
2021-08-20,46735,334784600,,
2021-08-21,49328,393922039,,
2021-08-22,48932,293309782,,
2021-08-23,49336,175696197,,
2021-08-24,49524,347662894,,
2021-08-25,47745,329218454,,
2021-08-26,48972,308193605,,
2021-08-27,46963,350695648,,
2021-08-28,49057,314537379,,
2021-08-29,48898,127683989,,
2021-08-30,48807,185179756,,
2021-08-31,47075,243698082,,
2021-09-01,47156,261861262,,
2021-09-02,48863,295404213,,
2021-09-03,49329,333198224,,
2021-09-04,50035,364637471,,
2021-09-05,49947,190864423,,
2021-09-06,51769,205763894,,
2021-09-07,52677,345881389,,
2021-09-08,46809,984208204,,
2021-09-09,46078,440223166,,
2021-09-10,46369,315266288,,
2021-09-11,44847,348659558,,
2021-09-12,45145,133023638,,
2021-09-13,46059,137153005,,
2021-09-14,44969,398357110,,
2021-09-15,47072,260550304,,
2021-09-16,48168,241115252,,
2021-09-17,47785,265469578,,
2021-09-18,47264,233662731,,
2021-09-19,48259,171820050,,
2021-09-20,47249,135623203,,
2021-09-21,42902,605141090,,
2021-09-22,40619,726831469,,
2021-09-23,43605,355516149,,
2021-09-24,44889,369977053,,
2021-09-25,42816,594658891,,
2021-09-26,42742,132297206,,
2021-09-27,43183,231309917,,
2021-09-28,42238,249740960,,
2021-09-29,41011,275833680,,
2021-09-30,41522,221224597,,
2021-10-01,43758,360342502,,
2021-10-02,48140,688291407,,
2021-10-03,47727,184243788,,
2021-10-04,48206,183312374,,
2021-10-05,49144,370887916,,
2021-10-06,51506,437607953,,
2021-10-07,55344,869275030,,
2021-10-08,53801,402001281,,
2021-10-09,53867,375062388,,
2021-10-10,55123,168430381,,
2021-10-11,54626,294613550,,
2021-10-12,57452,350997310,,
2021-10-13,56243,516916488,,
2021-10-14,57407,471270462,,
2021-10-15,57398,339375043,,
2021-10-16,61641,825023912,,
2021-10-17,60949,263628462,,
2021-10-18,61546,271015043,,
2021-10-19,61972,753842252,,
2021-10-20,64288,594456878,,
2021-10-21,66064,650092516,,
2021-10-22,62355,917892846,,
2021-10-23,60697,529183069,,
2021-10-24,61277,191872032,,
2021-10-25,60884,228927561,,
2021-10-26,63071,277562725,,
2021-10-27,60345,379278445,,
2021-10-28,58538,590784490,,
2021-10-29,60587,692953330,,
2021-10-30,62249,563700562,,
2021-10-31,61731,226334071,,
2021-11-01,61373,267709104,,
2021-11-02,61030,412970759,,
2021-11-03,63241,520838604,,
2021-11-04,62955,424004759,,
2021-11-05,61442,282279127,,
2021-11-06,61072,261917194,,
2021-11-07,61516,211867708,,
2021-11-07,63293,216409013,,
2021-11-08,67562,577118759,,
2021-11-09,66954,466601854,,
2021-11-10,64977,829053692,,
2021-11-11,64839,309495740,,
2021-11-12,64255,490505372,,
2021-11-13,64421,168246881,,
2021-11-14,65469,214318500,,
2021-11-15,63584,348327874,,
2021-11-16,60172,831553556,,
2021-11-17,60381,549940656,,
2021-11-18,56921,810589481,,
2021-11-19,58133,479879941,,
2021-11-20,59778,233278785,,
2021-11-21,58756,174269412,,
2021-11-22,56302,494762556,,
2021-11-23,57578,480199476,,
2021-11-24,57188,332409439,,
2021-11-25,58935,289094884,,
2021-11-26,53588,777492583,,
2021-11-27,54801,277078998,,
2021-11-28,57292,252736299,,
2021-11-29,57828,367826530,,
2021-11-30,57026,522506214,,
2021-12-01,57230,479668944,,
2021-12-02,56508,431885271,,
2021-12-03,53714,505379018,,
2021-12-04,49254,1243669816,,
2021-12-05,49380,618347670,,
2021-12-06,50565,595736796,,
2021-12-07,50645,308543486,,
2021-12-08,50511,301494309,,
2021-12-09,47660,355604124,,
2021-12-10,47137,337628656,,
2021-12-11,49380,212503435,,
2021-12-12,50117,202841551,,
2021-12-13,46757,503961476,,
2021-12-14,48393,345859883,,
2021-12-15,48885,432899084,,
2021-12-16,47658,273509536,,
2021-12-17,46174,356309895,,
2021-12-18,46864,159581106,,
2021-12-19,46689,192533518,,
2021-12-20,46910,276202624,,
2021-12-21,48935,345514276,,
2021-12-22,48628,211733671,,
2021-12-23,50786,312600142,,
2021-12-24,50815,239081658,,
2021-12-25,50471,123194900,,
2021-12-26,50801,141498364,,
2021-12-27,50692,193668918,,
2021-12-28,47601,358069054,,
2021-12-29,46409,265370560,,
2021-12-30,47133,266888972,,
2021-12-31,46250,313877726,,
2022-01-01,47763,180494758,,
2022-01-02,47328,127274108,,
2022-01-03,46442,200401831,,
2022-01-04,45863,246887759,,
2022-01-05,43436,461984932,,
2022-01-06,43121,393637882,,
2022-01-07,41528,488956957,,
2022-01-08,41691,219239677,,
2022-01-09,41864,183137667,,
2022-01-10,41849,429424725,,
2022-01-11,42723,330038460,,
2022-01-12,43926,306079004,,
2022-01-13,42546,272189574,,
2022-01-14,43099,217414772,,
2022-01-15,43147,111568729,,
2022-01-16,43102,107637568,,
2022-01-17,42248,154783167,,
2022-01-18,42381,202865735,,
2022-01-19,41708,219649804,,
2022-01-20,40684,289428557,,
2022-01-21,36481,753687065,,
2022-01-22,35071,446318667,,
2022-01-23,36281,257365978,,
2022-01-24,36679,737386596,,
2022-01-25,36949,288957799,,
2022-01-26,36824,439495101,,
2022-01-27,37147,343642909,,
2022-01-28,37770,252375988,,
2022-01-29,38186,147213501,,
2022-01-30,37919,87415311,,
2022-01-31,38522,230446208,,
2022-02-01,38740,271406357,,
2022-02-02,36913,211170060,,
2022-02-03,37092,163514427,,
2022-02-04,41584,456958268,,
2022-02-05,41435,209490904,,
2022-02-06,42451,141085408,,
2022-02-07,43834,403017432,,
2022-02-08,44133,366731227,,
2022-02-09,44397,269200809,,
2022-02-10,43531,464258418,,
2022-02-11,42401,322559181,,
2022-02-12,42246,140455081,,
2022-02-13,42105,90673302,,
2022-02-14,42581,187826655,,
2022-02-15,44536,235405883,,
2022-02-16,43949,173518252,,
2022-02-17,40566,327153771,,
2022-02-18,40015,266751396,,
2022-02-19,40115,81527020,,
2022-02-20,38382,190749767,,
2022-02-21,37031,376297985,,
2022-02-22,38262,285087602,,
2022-02-23,37291,245165377,,
2022-02-24,38345,846061849,,
2022-02-25,39223,290502971,,
2022-02-26,39104,146389006,,
2022-02-27,37705,249386255,,
2022-02-28,43226,586750288,,
2022-03-01,44419,600026435,,
2022-03-02,43935,384922008,,
2022-03-03,42464,346402069,,
2022-03-04,39141,495957605,,
2022-03-05,39400,118294087,,
2022-03-06,38408,175544268,,
2022-03-07,38033,296985143,,
2022-03-08,38753,279092851,,
2022-03-09,41957,409676985,,
2022-03-10,39438,360028498,,
2022-03-11,38741,267911338,,
2022-03-12,38809,116260661,,
2022-03-14,37820,138991446,,
2022-03-15,39681,240023981,,
2022-03-16,39321,213584010,,
2022-03-17,41133,652943633,,
2022-03-18,40947,208715565,,
2022-03-19,41796,246251064,,
2022-03-20,42222,117217183,,
2022-03-21,41251,143098717,,
2022-03-22,41071,188238486,,
2022-03-23,42373,326642015,,
2022-03-24,42905,227640948,,
2022-03-25,44004,279553357,,
2022-03-26,44334,294807777,,
2022-03-27,44542,87655860,,
2022-03-28,46859,215085807,,
2022-03-29,47116,363200214,,
2022-03-30,47448,222767932,,
2022-03-31,47064,198230006,,
2022-04-01,45539,217720734,,
2022-04-02,46283,343182405,,
2022-04-03,45825,128666155,,
2022-04-04,46426,134898633,,
2022-04-05,46611,222101256,,
2022-04-06,45508,183110273,,
2022-04-07,43190,414304825,,
2022-04-08,43464,172917581,,
2022-04-09,42279,210672153,,
2022-04-10,42788,68207001,,
2022-04-11,42144,107486751,,
2022-04-12,39489,309663440,,
2022-04-13,40102,239384870,,
2022-04-14,41148,225976504,,
2022-04-15,39940,168764849,,
2022-04-16,40566,112772413,,
2022-04-17,40389,53175060,,
2022-04-18,39711,73215603,,
2022-04-19,40806,287373059,,
2022-04-20,41507,157094339,,
2022-04-21,41376,170464945,,
2022-04-22,40514,275663401,,
2022-04-23,39728,224581597,,
2022-04-24,39429,70432435,,
2022-04-25,39466,92532159,,
2022-04-26,40473,331208745,,
2022-04-27,38115,341949328,,
2022-04-28,39249,241767322,,
2022-04-29,39770,244512171,,
2022-04-30,38596,194624830,,
2022-05-01,37661,85985016,,
2022-05-02,38475,137414023,,
2022-05-03,38511,201444974,,
2022-05-04,37727,172136341,,
2022-05-05,39675,266960829,,
2022-05-06,36550,425676217,,
2022-05-07,36013,266451046,,
2022-05-08,35471,117427072,,
2022-05-09,34082,282204789,,
2022-05-10,30176,754487502,,
2022-05-11,31004,702775072,,
2022-05-12,28907,991604857,,
2022-05-13,28931,1105198768,,
2022-05-14,29234,387333462,,
2022-05-15,30075,202107996,,
2022-05-16,31277,154366315,,
2022-05-17,29834,255625942,,
2022-05-18,30407,199056180,,
2022-05-19,28681,238926821,,
2022-05-20,30290,243106194,,
2022-05-21,29160,224870774,,
2022-05-22,29410,56412344,,
2022-05-23,30279,124032530,,
2022-05-24,29074,191646935,,
2022-05-25,29635,177388980,,
2022-05-26,29519,164845090,,
2022-05-27,29194,305995781,,
2022-05-28,28579,236424012,,
2022-05-29,29014,72992061,,
2022-05-30,29449,85755025,,
2022-05-31,31716,359076819,,
2022-06-01,31776,214511113,,
2022-06-02,29781,291288783,,
2022-06-03,30430,155102011,,
2022-06-04,29682,151025247,,
2022-06-05,29845,49641870,,
2022-06-06,29901,65518044,,
2022-06-07,31350,246876698,,
2022-06-08,31118,379367423,,
2022-06-09,30189,204405978,,
2022-06-10,30083,112529288,,
2022-06-11,29059,272976542,,
2022-06-12,28345,163111543,,
2022-06-13,26593,232964222,,
2022-06-14,22431,968674515,,
2022-06-15,22189,578478784,,
2022-06-16,22551,853684510,,
2022-06-17,20350,349089081,,
2022-06-18,20435,306433994,,
2022-06-19,18978,531583208,,
2022-06-20,20540,382228331,,
2022-06-21,20582,295182559,,
2022-06-22,20704,244194795,,
2022-06-23,19954,261583959,,
